,reviews,rates,reviews_spl,lemmas
0,"–≠—Ç–æ –ø—Ä–æ—Å—Ç–æ —Ä–∞–π –¥–ª—è –º–∞–ª—å—á–∏—à–µ–∫! –ú–æ–∂–Ω–æ –ø–µ—Ä–µ–æ–¥–µ—Ç—å—Å—è –≤ –ø–æ–∂–∞—Ä–Ω–æ–≥–æ –∏ —Ç—É—à–∏—Ç—å –ø–æ–∂–∞—Ä –Ω–∞—Å—Ç–æ—è—â–µ–π –≤–æ–¥–æ–π, –º–æ–∂–Ω–æ - –≤ —Å—Ç—Ä–æ–∏—Ç–µ–ª—è –∏ —É–ø—Ä–∞–≤–ª—è—Ç—å –∫—Ä–∞–Ω–æ–º, –º–æ–∂–Ω–æ –∫–∞—Ç–∞—Ç—å—Å—è –Ω–∞ —ç–ª–µ–∫—Ç—Ä–æ–º–æ–±–∏–ª—è—Ö –∏ —Å –≥–æ—Ä–∫–∏ –≤ —Å—É—Ö–æ–π –±–∞—Å—Å–µ–π–Ω. –ò –µ—â—ë –∏–Ω—Ç–µ—Ä–µ—Å–Ω—ã–µ –≤–æ–∑–¥—É—à–Ω—ã–µ –ª–∞–±–∏—Ä–∏–Ω—Ç—ã –¥–ª—è —à–∞—Ä–∏–∫–æ–≤. –ë–∏–ª–µ—Ç –Ω–∞ 1 —á–∞—Å - 400—Ä, –±–µ–∑–ª–∏–º–∏—Ç–Ω–æ -</span><span class=""_1M-1YYJt""> 600—Ä (—ç—Ç–æ –≤ –±—É–¥–Ω–∏, –≤ –≤—ã—Ö–æ–¥–Ω—ã–µ - —Ä–æ–≤–Ω–æ –≤ 2 —Ä–∞–∑–∞ –¥–æ—Ä–æ–∂–µ)</span><span>&hellip;",5,–≠—Ç–æ –ø—Ä–æ—Å—Ç–æ —Ä–∞–π –¥–ª—è –º–∞–ª—å—á–∏—à–µ–∫  –ú–æ–∂–Ω–æ –ø–µ—Ä–µ–æ–¥–µ—Ç—å—Å—è –≤ –ø–æ–∂–∞—Ä–Ω–æ–≥–æ –∏ —Ç—É—à–∏—Ç—å –ø–æ–∂–∞—Ä –Ω–∞—Å—Ç–æ—è—â–µ–π –≤–æ–¥–æ–π –º–æ–∂–Ω–æ - –≤ —Å—Ç—Ä–æ–∏—Ç–µ–ª—è –∏ —É–ø—Ä–∞–≤–ª—è—Ç—å –∫—Ä–∞–Ω–æ–º –º–æ–∂–Ω–æ –∫–∞—Ç–∞—Ç—å—Å—è –Ω–∞ —ç–ª–µ–∫—Ç—Ä–æ–º–æ–±–∏–ª—è—Ö –∏ —Å –≥–æ—Ä–∫–∏ –≤ —Å—É—Ö–æ–π –±–∞—Å—Å–µ–π–Ω  –ò –µ—â—ë –∏–Ω—Ç–µ—Ä–µ—Å–Ω—ã–µ –≤–æ–∑–¥—É—à–Ω—ã–µ –ª–∞–±–∏—Ä–∏–Ω—Ç—ã –¥–ª—è —à–∞—Ä–∏–∫–æ–≤ ,—ç—Ç–æ –ø—Ä–æ—Å—Ç–æ —Ä–∞–π –¥–ª—è –º–∞–ª—å—á–∏—à–∫–∞ –º–æ–∂–Ω–æ –ø–µ—Ä–µ–æ–¥–µ–≤–∞—Ç—å—Å—è –≤ –ø–æ–∂–∞—Ä–Ω—ã–π –∏ —Ç—É—à–∏—Ç—å –ø–æ–∂–∞—Ä –Ω–∞—Å—Ç–æ—è—â–∏–π –≤–æ–¥–∞ –º–æ–∂–Ω–æ - –≤ —Å—Ç—Ä–æ–∏—Ç–µ–ª—å –∏ —É–ø—Ä–∞–≤–ª—è—Ç—å –∫—Ä–∞–Ω –º–æ–∂–Ω–æ –∫–∞—Ç–∞—Ç—å—Å—è –Ω–∞ —ç–ª–µ–∫—Ç—Ä–æ–º–æ–±–∏–ª—å –∏ —Å –≥–æ—Ä–∫–∞ –≤ —Å—É—Ö–æ–π –±–∞—Å—Å–µ–π–Ω –∏ –µ—â–µ –∏–Ω—Ç–µ—Ä–µ—Å–Ω—ã–π –≤–æ–∑–¥—É—à–Ω—ã–π –ª–∞–±–∏—Ä–∏–Ω—Ç –¥–ª—è —à–∞—Ä–∏–∫
1,"–¢–æ—Ä–≥–æ–≤—ã–π —Ü–µ–Ω—Ç—Ä –ê–≤–∏–∞–ø–∞—Ä–∫ —è–≤–ª—è–µ—Ç—Å—è –µ–¥–∏–Ω—Å—Ç–≤–µ–Ω–Ω—ã–º –¢–¶, –∫–æ—Ç–æ—Ä—ã–π —è –ø–æ—Å–µ—â–∞—é –Ω–∞ –ø–æ—Å—Ç–æ—è–Ω–Ω–æ–π –æ—Å–Ω–æ–≤–µ. –û–≥—Ä–æ–º–Ω–æ–µ –∫–æ–ª–∏—á–µ—Å—Ç–≤–æ –º–∞–≥–∞–∑–∏–Ω–æ–≤ (H&amp;M + home, ZARA + home, MOHITO, HOUSE, –ö–∏–∞–±–∏, ZARINA, Body Shop, –¢–æ–Ω–∏ –ú–æ–ª–ª–∏, Mixit, Zaka, –ê—à–∞–Ω, –ò–∫–µ–∞, –û–±–∏ –∏ –¥—Ä.). –ë–æ–ª—å—à–æ–µ –ø—Ä–æ—Å—Ç—Ä–∞–Ω—Å—Ç–≤–æ, –µ—Å—Ç—å –≥–¥–µ —Ä–∞–∑–≤–µ—Ä–Ω—É—Ç—å—Å—è</span><span class=""_1M-1YYJt""> –¥–∞–∂–µ –≤ —Ç–æ–ª–ø–µ –ª—é–¥–µ–π –≤ —Å—É–±–±–æ—Ç—É –≤–µ—á–µ—Ä–æ–º. –¢–∞–∫–∂–µ –¢–¶ —Ä–µ–≥—É–ª—è—Ä–Ω–æ –ø—Ä–æ–≤–æ–¥–∏—Ç —Ä–∞–∑–ª–∏—á–Ω—ã–µ –º–µ—Ä–æ–ø—Ä–∏—è—Ç–∏—è, –ø—Ä–∞–∑–¥–Ω–∏–∫–∏, –∫–æ–Ω–∫—É—Ä—Å—ã. –ù–µ–≤–µ—Ä–æ—è—Ç–Ω—ã—Ö —Ä–∞–∑–º–µ—Ä–æ–≤ –∞–∫–≤–∞—Ä–∏—É–º –≤ —Ü–µ–Ω—Ç—Ä–µ —Å —ç–∫–∑–æ—Ç–∏—á–µ—Å–∫–∏–º–∏ —Ä—ã–±–∫–∞–º–∏. –ö—Ç–æ –Ω–∞ –º–∞—à–∏–Ω–µ, —É–¥–æ–±–Ω–∞—è –±–æ–ª—å—à–∞—è –¥–≤—É—Ö—ç—Ç–∞–∂–Ω–∞—è –ø–∞—Ä–∫–æ–≤–∫–∞ —Å –º–Ω–æ–∂–µ—Å—Ç–≤–æ–º –∑–∞–µ–∑–¥–æ–≤ –≤ —Å–∞–º –¢–¶ –∏ –≤—ã–µ–∑–¥–æ–≤ —Å–æ–æ—Ç–≤–µ—Ç—Å—Ç–≤–µ–Ω–Ω–æ. –ö—Ç–æ —Å–≤–æ–∏–º —Ö–æ–¥–æ–º, –º–µ—Ç—Ä–æ –¶–°–ö–ê –Ω–∞—Ö–æ–¥–∏—Ç—Å—è –≤ —à–∞–≥–æ–≤–æ–π –¥–æ—Å—Ç—É–ø–Ω–æ—Å—Ç–∏ –æ—Ç –ê–≤–∏–∞–ø–∞—Ä–∫–∞ (1-2 –º–∏–Ω—É—Ç—ã —Ö–æ–¥—å–±—ã). –ü–µ—Ä—Å–æ–Ω–∞–ª –ø—Ä–µ–¥–µ–ª—å–Ω–æ –≤–µ–∂–ª–∏–≤—ã–π, –≤—Å–µ–≥–¥–∞ –≤—Å–µ –ø–æ–¥—Å–∫–∞–∂–µ—Ç, –ø–æ–º–æ–∂–µ—Ç. –û—Ö—Ä–∞–Ω–∞ –Ω–∏–∫–æ–≥–¥–∞ –Ω–µ –≤—ã–∑—ã–≤–∞–ª–∞ –Ω–∏–∫–∞–∫–∏—Ö –≤–æ–ø—Ä–æ—Å–æ–≤ –∏–ª–∏ –Ω–µ–≥–∞—Ç–∏–≤–Ω–æ–π —Ä–µ–∞–∫—Ü–∏–∏.  –ì–ª–∞–≤–Ω–æ–µ - —Å–æ–±–ª—é–¥–∞—Ç—å –ø—Ä–∞–≤–∏–ª–∞, –∏ –ø–æ—Å–µ—â–µ–Ω–∏–µ –¢–¶ –ø—Ä–∏–Ω–µ—Å—ë—Ç –æ–¥–Ω–æ —É–¥–æ–≤–æ–ª—å—Å—Ç–≤–∏–µ.  </span><span>&hellip;",5,–¢–æ—Ä–≥–æ–≤—ã–π —Ü–µ–Ω—Ç—Ä –ê–≤–∏–∞–ø–∞—Ä–∫ —è–≤–ª—è–µ—Ç—Å—è –µ–¥–∏–Ω—Å—Ç–≤–µ–Ω–Ω—ã–º –¢–¶ –∫–æ—Ç–æ—Ä—ã–π —è –ø–æ—Å–µ—â–∞—é –Ω–∞ –ø–æ—Å—Ç–æ—è–Ω–Ω–æ–π –æ—Å–Ω–æ–≤–µ  –û–≥—Ä–æ–º–Ω–æ–µ –∫–æ–ª–∏—á–µ—Å—Ç–≤–æ –º–∞–≥–∞–∑–∏–Ω–æ–≤ H&amp;M + home ZARA + home MOHITO HOUSE –ö–∏–∞–±–∏ ZARINA Body Shop –¢–æ–Ω–∏ –ú–æ–ª–ª–∏ Mixit Zaka –ê—à–∞–Ω –ò–∫–µ–∞ –û–±–∏ –∏ –¥—Ä    –ë–æ–ª—å—à–æ–µ –ø—Ä–æ—Å—Ç—Ä–∞–Ω—Å—Ç–≤–æ –µ—Å—Ç—å –≥–¥–µ —Ä–∞–∑–≤–µ—Ä–Ω—É—Ç—å—Å—è  –¥–∞–∂–µ –≤ —Ç–æ–ª–ø–µ –ª—é–¥–µ–π –≤ —Å—É–±–±–æ—Ç—É –≤–µ—á–µ—Ä–æ–º  –¢–∞–∫–∂–µ –¢–¶ —Ä–µ–≥—É–ª—è—Ä–Ω–æ –ø—Ä–æ–≤–æ–¥–∏—Ç —Ä–∞–∑–ª–∏—á–Ω—ã–µ –º–µ—Ä–æ–ø—Ä–∏—è—Ç–∏—è –ø—Ä–∞–∑–¥–Ω–∏–∫–∏ –∫–æ–Ω–∫—É—Ä—Å—ã  –ù–µ–≤–µ—Ä–æ—è—Ç–Ω—ã—Ö —Ä–∞–∑–º–µ—Ä–æ–≤ –∞–∫–≤–∞—Ä–∏—É–º –≤ —Ü–µ–Ω—Ç—Ä–µ —Å —ç–∫–∑–æ—Ç–∏—á–µ—Å–∫–∏–º–∏ —Ä—ã–±–∫–∞–º–∏  –ö—Ç–æ –Ω–∞ –º–∞—à–∏–Ω–µ —É–¥–æ–±–Ω–∞—è –±–æ–ª—å—à–∞—è –¥–≤—É—Ö—ç—Ç–∞–∂–Ω–∞—è –ø–∞—Ä–∫–æ–≤–∫–∞ —Å –º–Ω–æ–∂–µ—Å—Ç–≤–æ–º –∑–∞–µ–∑–¥–æ–≤ –≤ —Å–∞–º –¢–¶ –∏ –≤—ã–µ–∑–¥–æ–≤ —Å–æ–æ—Ç–≤–µ—Ç—Å—Ç–≤–µ–Ω–Ω–æ  –ö—Ç–æ —Å–≤–æ–∏–º —Ö–æ–¥–æ–º –º–µ—Ç—Ä–æ –¶–°–ö–ê –Ω–∞—Ö–æ–¥–∏—Ç—Å—è –≤ —à–∞–≥–æ–≤–æ–π –¥–æ—Å—Ç—É–ø–Ω–æ—Å—Ç–∏ –æ—Ç –ê–≤–∏–∞–ø–∞—Ä–∫–∞ 1-2 –º–∏–Ω—É—Ç—ã —Ö–æ–¥—å–±—ã  –ü–µ—Ä—Å–æ–Ω–∞–ª –ø—Ä–µ–¥–µ–ª—å–Ω–æ –≤–µ–∂–ª–∏–≤—ã–π –≤—Å–µ–≥–¥–∞ –≤—Å–µ –ø–æ–¥—Å–∫–∞–∂–µ—Ç –ø–æ–º–æ–∂–µ—Ç  –û—Ö—Ä–∞–Ω–∞ –Ω–∏–∫–æ–≥–¥–∞ –Ω–µ –≤—ã–∑—ã–≤–∞–ª–∞ –Ω–∏–∫–∞–∫–∏—Ö –≤–æ–ø—Ä–æ—Å–æ–≤ –∏–ª–∏ –Ω–µ–≥–∞—Ç–∏–≤–Ω–æ–π —Ä–µ–∞–∫—Ü–∏–∏  –ì–ª–∞–≤–Ω–æ–µ - —Å–æ–±–ª—é–¥–∞—Ç—å –ø—Ä–∞–≤–∏–ª–∞ –∏ –ø–æ—Å–µ—â–µ–Ω–∏–µ –¢–¶ –ø—Ä–∏–Ω–µ—Å—ë—Ç –æ–¥–Ω–æ —É–¥–æ–≤–æ–ª—å—Å—Ç–≤–∏–µ ,—Ç–æ—Ä–≥–æ–≤—ã–π —Ü–µ–Ω—Ç—Ä –∞–≤–∏–∞–ø–∞—Ä–∫ —è–≤–ª—è—Ç—å—Å—è –µ–¥–∏–Ω—Å—Ç–≤–µ–Ω–Ω—ã–π —Ç—Ü –∫–æ—Ç–æ—Ä—ã–π —è –ø–æ—Å–µ—â–∞—Ç—å –Ω–∞ –ø–æ—Å—Ç–æ—è–Ω–Ω—ã–π –æ—Å–Ω–æ–≤–∞ –æ–≥—Ä–æ–º–Ω—ã–π –∫–æ–ª–∏—á–µ—Å—Ç–≤–æ –º–∞–≥–∞–∑–∏–Ω H & amp ; M + home ZARA + home MOHITO HOUSE –∫–∏–∞–±–∏ ZARINA Body Shop —Ç–æ–Ω–∏ –º–æ–ª–ª—å Mixit Zaka –∞—à–∞–Ω –∏–∫–µ–∞ –æ–±—å –∏ –¥—Ä –±–æ–ª—å—à–æ–π –ø—Ä–æ—Å—Ç—Ä–∞–Ω—Å—Ç–≤–æ –±—ã—Ç—å –≥–¥–µ —Ä–∞–∑–≤–µ—Ä—Ç—ã–≤–∞—Ç—å—Å—è –¥–∞–∂–µ –≤ —Ç–æ–ª–ø–∞ —á–µ–ª–æ–≤–µ–∫ –≤ —Å—É–±–±–æ—Ç–∞ –≤–µ—á–µ—Ä —Ç–∞–∫–∂–µ —Ç—Ü —Ä–µ–≥—É–ª—è—Ä–Ω–æ –ø—Ä–æ–≤–æ–∂–∞—Ç—å —Ä–∞–∑–ª–∏—á–Ω—ã–π –º–µ—Ä–æ–ø—Ä–∏—è—Ç–∏–µ –ø—Ä–∞–∑–¥–Ω–∏–∫ –∫–æ–Ω–∫—É—Ä—Å –Ω–µ–≤–µ—Ä–æ—è—Ç–Ω—ã–π —Ä–∞–∑–º–µ—Ä –∞–∫–≤–∞—Ä–∏—É–º –≤ —Ü–µ–Ω—Ç—Ä —Å —ç–∫–∑–æ—Ç–∏—á–µ—Å–∫–∏–π —Ä—ã–±–∫–∞ –∫—Ç–æ –Ω–∞ –º–∞—à–∏–Ω–∞ —É–¥–æ–±–Ω—ã–π –±–æ–ª—å—à–æ–π –¥–≤—É—Ö—ç—Ç–∞–∂–Ω—ã–π –ø–∞—Ä–∫–æ–≤–∫–∞ —Å –º–Ω–æ–∂–µ—Å—Ç–≤–æ –∑–∞–µ–∑–¥ –≤ —Å–∞–º —Ç—Ü –∏ –≤—ã–µ–∑–¥ —Å–æ–æ—Ç–≤–µ—Ç—Å—Ç–≤–µ–Ω–Ω–æ –∫—Ç–æ —Å–≤–æ–π —Ö–æ–¥ –º–µ—Ç—Ä–æ —Ü—Å–∫–∞ –Ω–∞—Ö–æ–¥–∏—Ç—å—Å—è –≤ —à–∞–≥–æ–≤—ã–π –¥–æ—Å—Ç—É–ø–Ω–æ—Å—Ç—å –æ—Ç –∞–≤–∏–∞–ø–∞—Ä–∫ 1 - 2 –º–∏–Ω—É—Ç–∞ —Ö–æ–¥—å–±–∞ –ø–µ—Ä—Å–æ–Ω–∞–ª –ø—Ä–µ–¥–µ–ª—å–Ω–æ –≤–µ–∂–ª–∏–≤—ã–π –≤—Å–µ–≥–¥–∞ –≤—Å–µ –ø–æ–¥—Å–∫–∞–∑—ã–≤–∞—Ç—å –ø–æ–º–æ–≥–∞—Ç—å –æ—Ö—Ä–∞–Ω–∞ –Ω–∏–∫–æ–≥–¥–∞ –Ω–µ –≤—ã–∑—ã–≤–∞—Ç—å –Ω–∏–∫–∞–∫–æ–π –≤–æ–ø—Ä–æ—Å –∏–ª–∏ –Ω–µ–≥–∞—Ç–∏–≤–Ω—ã–π —Ä–µ–∞–∫—Ü–∏—è –≥–ª–∞–≤–Ω—ã–π - —Å–æ–±–ª—é–¥–∞—Ç—å –ø—Ä–∞–≤–∏–ª–æ –∏ –ø–æ—Å–µ—â–µ–Ω–∏–µ —Ç—Ü –ø—Ä–∏–Ω–æ—Å–∏—Ç—å –æ–¥–∏–Ω —É–¥–æ–≤–æ–ª—å—Å—Ç–≤–∏–µ
2,"–¢–∞–∫ —É–∂ —Å–ª–æ–∂–∏–ª–æ—Å—å, —á—Ç–æ –Ω–µ–¥–∞–≤–Ω–æ –ø—Ä–∏—à–ª–æ—Å—å –ø–æ—á—Ç–∏ –µ–∂–µ–¥–Ω–µ–≤–Ω–æ –ø–æ—Å–µ—â–∞—Ç—å —ç—Ç–æ—Ç –¢–¶, —Ç–∞–∫ —á—Ç–æ –æ—Ü–µ–Ω–∏–ª –µ–≥–æ –ø–æ –¥–æ—Å—Ç–æ–∏–Ω—Å—Ç–≤—É - –∏ –ø–æ —Ä–∞–∑–º–µ—Ä—É, –∏ –ø–æ –Ω–∞–±–æ—Ä—É —Ç–æ—Ä–≥–æ–≤—ã—Ö —Ç–æ—á–µ–∫. –î–µ–π—Å—Ç–≤–∏—Ç–µ–ª—å–Ω–æ, –ê–≤–∏–∞–ø–∞—Ä–∫—É –Ω–µ—Ç —Ä–∞–≤–Ω—ã—Ö –≤ –±–æ–≥–∞—Ç–æ–π –Ω–∞ –¢–¶ –ú–æ—Å–∫–≤–µ. –ö—Ä–æ–º–µ –æ–±—ã—á–Ω—ã—Ö —Å–µ—Ç–µ–≤—ã—Ö –º–∞–≥–∞–∑–∏–Ω–æ–≤ —Å —Ç–æ–≤–∞—Ä–∞–º–∏ –Ω–∞ –ª—é–±–æ–π –≤–∫—É—Å (–æ—Ç–º–µ—á—É</span><span class=""_1M-1YYJt""> Bikkembergs, Cacharel, CK jeans, Gap, Geox, Kangol, Lacoste, Massimo Dutti, New Balance, Piquadro, Uniclo) —Ç—É—Ç –µ—Å—Ç—å –±–æ–ª—å—à–æ–π 2-—Ö —É—Ä–æ–≤–Ω–µ–≤—ã–π Obi (–¥–ª—è —Ç–µ—Ö, –∫—Ç–æ –¥–µ–ª–∞–µ—Ç —Ä–µ–º–æ–Ω—Ç), Ikea, Hoff (–º–µ–±–µ–ª—å –∏ –∫—É—Ö–Ω–∏), Stockmann, Decathlon, –ú.–í–∏–¥–µ–æ, –≠–ª—å–¥–æ—Ä–∞–¥–æ, –°–ø–æ—Ä—Ç–º–∞—Å—Ç–µ—Ä, –≥–∏–ø–µ—Ä–º–∞—Ä–∫–µ—Ç –ê—à–∞–Ω. –ï—Å–ª–∏ —É—Å—Ç–∞–ª–∏ –æ—Ç —à–æ–ø–ø–∏–Ω–≥–∞, —Ç–æ –º–æ–∂–Ω–æ –Ω–∞–π—Ç–∏ —Ä–∞–∑–Ω–æ–æ–±—Ä–∞–∑–Ω—É—é –µ–¥—É –Ω–∞ –±–æ–ª—å—à–æ–º —Ñ—É–¥-–∫–æ—Ä—Ç–µ. –î–∞–∂–µ –∫–∞—Ç–æ–∫ —Ç—É—Ç –µ—Å—Ç—å –∏ –ø—Ä–∏–ª–∏—á–Ω—ã—Ö —Ä–∞–∑–º–µ—Ä–æ–≤. –ü–∞—Ä–∫–æ–≤–∫–∞ –Ω–∞ 2-—Ö —É—Ä–æ–≤–Ω—è—Ö, –ø—Ä–æ—Å—Ç–æ—Ä–Ω–∞—è, –Ω–æ –ø–ª–∞—Ç–Ω–∞—è, –≤ –±—É–¥–Ω–∏ —Å—Ç–æ–∏–º–æ—Å—Ç—å —Å–∏–º–≤–æ–ª–∏—á–µ—Å–∫–∞—è. –†–µ–∫–æ–º–µ–Ω–¥—É—é. –ò —Å–æ–≤–µ—Ç—É—é –æ–±—Ä–∞—Ç–∏—Ç—å –≤–Ω–∏–º–∞–Ω–∏–µ –Ω–∞ –∫–æ–ª–æ–Ω–Ω—É-–∞–∫–≤–∞—Ä–∏—É–º –≤ —Ü–µ–Ω—Ç—Ä–∞–ª—å–Ω–æ–º –∞—Ç—Ä–∏—É–º–µ, –æ—á–µ–Ω—å –∫—Ä–µ–∞—Ç–∏–≤–Ω–æ (–Ω–∞–ø—Ä–æ—Ç–∏–≤ –≤—Ö–æ–¥–∞ –≤ –°—Ç–æ–∫–º–∞–Ω–Ω).</span><span>&hellip;",1,–¢–∞–∫ —É–∂ —Å–ª–æ–∂–∏–ª–æ—Å—å —á—Ç–æ –Ω–µ–¥–∞–≤–Ω–æ –ø—Ä–∏—à–ª–æ—Å—å –ø–æ—á—Ç–∏ –µ–∂–µ–¥–Ω–µ–≤–Ω–æ –ø–æ—Å–µ—â–∞—Ç—å —ç—Ç–æ—Ç –¢–¶ —Ç–∞–∫ —á—Ç–æ –æ—Ü–µ–Ω–∏–ª –µ–≥–æ –ø–æ –¥–æ—Å—Ç–æ–∏–Ω—Å—Ç–≤—É - –∏ –ø–æ —Ä–∞–∑–º–µ—Ä—É –∏ –ø–æ –Ω–∞–±–æ—Ä—É —Ç–æ—Ä–≥–æ–≤—ã—Ö —Ç–æ—á–µ–∫  –î–µ–π—Å—Ç–≤–∏—Ç–µ–ª—å–Ω–æ –ê–≤–∏–∞–ø–∞—Ä–∫—É –Ω–µ—Ç —Ä–∞–≤–Ω—ã—Ö –≤ –±–æ–≥–∞—Ç–æ–π –Ω–∞ –¢–¶ –ú–æ—Å–∫–≤–µ  –ö—Ä–æ–º–µ –æ–±—ã—á–Ω—ã—Ö —Å–µ—Ç–µ–≤—ã—Ö –º–∞–≥–∞–∑–∏–Ω–æ–≤ —Å —Ç–æ–≤–∞—Ä–∞–º–∏ –Ω–∞ –ª—é–±–æ–π –≤–∫—É—Å –æ—Ç–º–µ—á—É  Bikkembergs Cacharel CK jeans Gap Geox Kangol Lacoste Massimo Dutti New Balance Piquadro Uniclo —Ç—É—Ç –µ—Å—Ç—å –±–æ–ª—å—à–æ–π 2-—Ö —É—Ä–æ–≤–Ω–µ–≤—ã–π Obi –¥–ª—è —Ç–µ—Ö –∫—Ç–æ –¥–µ–ª–∞–µ—Ç —Ä–µ–º–æ–Ω—Ç Ikea Hoff –º–µ–±–µ–ª—å –∏ –∫—É—Ö–Ω–∏ Stockmann Decathlon –ú  –í–∏–¥–µ–æ –≠–ª—å–¥–æ—Ä–∞–¥–æ –°–ø–æ—Ä—Ç–º–∞—Å—Ç–µ—Ä –≥–∏–ø–µ—Ä–º–∞—Ä–∫–µ—Ç –ê—à–∞–Ω  –ï—Å–ª–∏ —É—Å—Ç–∞–ª–∏ –æ—Ç —à–æ–ø–ø–∏–Ω–≥–∞ —Ç–æ –º–æ–∂–Ω–æ –Ω–∞–π—Ç–∏ —Ä–∞–∑–Ω–æ–æ–±—Ä–∞–∑–Ω—É—é –µ–¥—É –Ω–∞ –±–æ–ª—å—à–æ–º —Ñ—É–¥-–∫–æ—Ä—Ç–µ  –î–∞–∂–µ –∫–∞—Ç–æ–∫ —Ç—É—Ç –µ—Å—Ç—å –∏ –ø—Ä–∏–ª–∏—á–Ω—ã—Ö —Ä–∞–∑–º–µ—Ä–æ–≤  –ü–∞—Ä–∫–æ–≤–∫–∞ –Ω–∞ 2-—Ö —É—Ä–æ–≤–Ω—è—Ö –ø—Ä–æ—Å—Ç–æ—Ä–Ω–∞—è –Ω–æ –ø–ª–∞—Ç–Ω–∞—è –≤ –±—É–¥–Ω–∏ —Å—Ç–æ–∏–º–æ—Å—Ç—å —Å–∏–º–≤–æ–ª–∏—á–µ—Å–∫–∞—è  –†–µ–∫–æ–º–µ–Ω–¥—É—é  –ò —Å–æ–≤–µ—Ç—É—é –æ–±—Ä–∞—Ç–∏—Ç—å –≤–Ω–∏–º–∞–Ω–∏–µ –Ω–∞ –∫–æ–ª–æ–Ω–Ω—É-–∞–∫–≤–∞—Ä–∏—É–º –≤ —Ü–µ–Ω—Ç—Ä–∞–ª—å–Ω–æ–º –∞—Ç—Ä–∏—É–º–µ –æ—á–µ–Ω—å –∫—Ä–µ–∞—Ç–∏–≤–Ω–æ –Ω–∞–ø—Ä–æ—Ç–∏–≤ –≤—Ö–æ–¥–∞ –≤ –°—Ç–æ–∫–º–∞–Ω–Ω ,—Ç–∞–∫ —É–∂ —Å–∫–ª–∞–¥—ã–≤–∞—Ç—å—Å—è —á—Ç–æ –Ω–µ–¥–∞–≤–Ω–æ –ø—Ä–∏—Ö–æ–¥–∏—Ç—å—Å—è –ø–æ—á—Ç–∏ –µ–∂–µ–¥–Ω–µ–≤–Ω–æ –ø–æ—Å–µ—â–∞—Ç—å —ç—Ç–æ—Ç —Ç—Ü —Ç–∞–∫ —á—Ç–æ –æ—Ü–µ–Ω–∏–≤–∞—Ç—å –æ–Ω –ø–æ –¥–æ—Å—Ç–æ–∏–Ω—Å—Ç–≤–æ - –∏ –ø–æ —Ä–∞–∑–º–µ—Ä –∏ –ø–æ –Ω–∞–±–æ—Ä —Ç–æ—Ä–≥–æ–≤—ã–π —Ç–æ—á–∫–∞ –¥–µ–π—Å—Ç–≤–∏—Ç–µ–ª—å–Ω–æ –∞–≤–∏–∞–ø–∞—Ä–∫ –Ω–µ—Ç —Ä–∞–≤–Ω—ã–π –≤ –±–æ–≥–∞—Ç—ã–π –Ω–∞ —Ç—Ü –º–æ—Å–∫–≤–∞ –∫—Ä–æ–º–µ –æ–±—ã—á–Ω—ã–π —Å–µ—Ç–µ–≤–æ–π –º–∞–≥–∞–∑–∏–Ω —Å —Ç–æ–≤–∞—Ä –Ω–∞ –ª—é–±–æ–π –≤–∫—É—Å –æ—Ç–º–µ—á–∞—Ç—å Bikkembergs Cacharel CK jeans Gap Geox Kangol Lacoste Massimo Dutti New Balance Piquadro Uniclo —Ç—É—Ç –±—ã—Ç—å –±–æ–ª—å—à–æ–π 2 - —Ö —É—Ä–æ–≤–Ω–µ–≤—ã–π Obi –¥–ª—è —Ç–æ—Ç –∫—Ç–æ –¥–µ–ª–∞—Ç—å —Ä–µ–º–æ–Ω—Ç Ikea Hoff –º–µ–±–µ–ª—å –∏ –∫—É—Ö–Ω—è Stockmann Decathlon –º –≤–∏–¥–µ–æ —ç–ª—å–¥–æ—Ä–∞–¥–æ —Å–ø–æ—Ä—Ç–º–∞—Å—Ç–µ—Ä –≥–∏–ø–µ—Ä–º–∞—Ä–∫–µ—Ç –∞—à–∞–Ω –µ—Å–ª–∏ —É—Å—Ç–∞–≤–∞—Ç—å –æ—Ç —à–æ–ø–ø–∏–Ω–≥ —Ç–æ –º–æ–∂–Ω–æ –Ω–∞—Ö–æ–¥–∏—Ç—å —Ä–∞–∑–Ω–æ–æ–±—Ä–∞–∑–Ω—ã–π –µ–¥–∞ –Ω–∞ –±–æ–ª—å—à–æ–π —Ñ—É–¥ - –∫–æ—Ä—Ç –¥–∞–∂–µ –∫–∞—Ç–æ–∫ —Ç—É—Ç –±—ã—Ç—å –∏ –ø—Ä–∏–ª–∏—á–Ω—ã–π —Ä–∞–∑–º–µ—Ä –ø–∞—Ä–∫–æ–≤–∫–∞ –Ω–∞ 2 - —Ö —É—Ä–æ–≤–µ–Ω—å –ø—Ä–æ—Å—Ç–æ—Ä–Ω—ã–π –Ω–æ –ø–ª–∞—Ç–Ω—ã–π –≤ –±—É–¥–Ω–∏ —Å—Ç–æ–∏–º–æ—Å—Ç—å —Å–∏–º–≤–æ–ª–∏—á–µ—Å–∫–∏–π —Ä–µ–∫–æ–º–µ–Ω–¥–æ–≤–∞—Ç—å –∏ —Å–æ–≤–µ—Ç–æ–≤–∞—Ç—å –æ–±—Ä–∞—â–∞—Ç—å –≤–Ω–∏–º–∞–Ω–∏–µ –Ω–∞ –∫–æ–ª–æ–Ω–Ω–∞ - –∞–∫–≤–∞—Ä–∏—É–º –≤ —Ü–µ–Ω—Ç—Ä–∞–ª—å–Ω—ã–π –∞—Ç—Ä–∏—É–º –æ—á–µ–Ω—å –∫—Ä–µ–∞—Ç–∏–≤–Ω—ã–π –Ω–∞–ø—Ä–æ—Ç–∏–≤ –≤—Ö–æ–¥ –≤ —Å—Ç–æ–∫–º–∞–Ω–Ω
3,"–•–æ—Ä–æ—à–∏–π —Ç—Ü. –ú–Ω–æ–≥–æ –º–∞–≥–∞–∑–∏–Ω–æ–≤ —Ä–µ—Å—Ç–æ—Ä–∞–Ω–æ–≤, –ø–æ—á—Ç–∏ –≤—Å–µ–≥–¥–∞ –≥–¥–µ —Ç–æ —Å–∫–∏–¥–∫–∏. –ú–Ω–æ–≥–æ –ø–∞—Ä–∫–æ–≤–∫–∏ —Ä—è–¥–æ–º –µ—Å—Ç—å –º–µ—Ç—Ä–æ.",5,–•–æ—Ä–æ—à–∏–π —Ç—Ü  –ú–Ω–æ–≥–æ –º–∞–≥–∞–∑–∏–Ω–æ–≤ —Ä–µ—Å—Ç–æ—Ä–∞–Ω–æ–≤ –ø–æ—á—Ç–∏ –≤—Å–µ–≥–¥–∞ –≥–¥–µ —Ç–æ —Å–∫–∏–¥–∫–∏  –ú–Ω–æ–≥–æ –ø–∞—Ä–∫–æ–≤–∫–∏ —Ä—è–¥–æ–º –µ—Å—Ç—å –º–µ—Ç—Ä–æ  ,—Ö–æ—Ä–æ—à–∏–π —Ç—Ü –º–Ω–æ–≥–æ –º–∞–≥–∞–∑–∏–Ω —Ä–µ—Å—Ç–æ—Ä–∞–Ω –ø–æ—á—Ç–∏ –≤—Å–µ–≥–¥–∞ –≥–¥–µ —Ç–æ —Å–∫–∏–¥–∫–∞ –º–Ω–æ–≥–æ –ø–∞—Ä–∫–æ–≤–∫–∞ —Ä—è–¥–æ–º –±—ã—Ç—å –º–µ—Ç—Ä–æ
4,"–ú—ã –±—ã–ª–∏ —Å–µ–º—å–µ–π. –ù–∞–º –≤—Å–µ–º –ø–æ–Ω—Ä–∞–≤–∏–ª–æ—Å—å: –∏ –≤–æ—Å—å–º–∏–ª–µ—Ç–Ω–µ–π –¥–æ—á–µ—Ä–∏ –∏ –¥–≤–∞–¥—Ü–∞—Ç–∏—á–µ—Ç–µ—Ä–µ—Ö–ª–µ—Ç–Ω–µ–π))) –µ—Å—Ç—å –º–∞–≥–∞–∑–∏–Ω—ã –Ω–∞ –ª—é–±–æ–π –≤–∫—É—Å –∏ –∫–æ—à–µ–ª–µ–∫, –∫—É—á–∞ —Ä–µ—Å—Ç–æ—Ä–∞–Ω–æ–≤, –æ—á–µ–Ω—å –ø—Ä–∏—è—Ç–Ω—ã–π –∏–Ω—Ç–µ—Ä—å–µ—Ä –¥–ª—è –ø—Ä–æ—Å—Ç–æ –ø–æ–≥—É–ª—è—Ç—å))",1,–ú—ã –±—ã–ª–∏ —Å–µ–º—å–µ–π  –ù–∞–º –≤—Å–µ–º –ø–æ–Ω—Ä–∞–≤–∏–ª–æ—Å—å: –∏ –≤–æ—Å—å–º–∏–ª–µ—Ç–Ω–µ–π –¥–æ—á–µ—Ä–∏ –∏ –¥–≤–∞–¥—Ü–∞—Ç–∏—á–µ—Ç–µ—Ä–µ—Ö–ª–µ—Ç–Ω–µ–π –µ—Å—Ç—å –º–∞–≥–∞–∑–∏–Ω—ã –Ω–∞ –ª—é–±–æ–π –≤–∫—É—Å –∏ –∫–æ—à–µ–ª–µ–∫ –∫—É—á–∞ —Ä–µ—Å—Ç–æ—Ä–∞–Ω–æ–≤ –æ—á–µ–Ω—å –ø—Ä–∏—è—Ç–Ω—ã–π –∏–Ω—Ç–µ—Ä—å–µ—Ä –¥–ª—è –ø—Ä–æ—Å—Ç–æ –ø–æ–≥—É–ª—è—Ç—å,–º—ã –±—ã—Ç—å —Å–µ–º—å—è –º—ã –≤–µ—Å—å –ø–æ–Ω—Ä–∞–≤–∏—Ç—å—Å—è : –∏ –≤–æ—Å—å–º–∏–ª–µ—Ç–Ω–∏–π –¥–æ—á—å –∏ –¥–≤–∞–¥—Ü–∞—Ç–∏—á–µ—Ç–µ—Ä–µ—Ö–ª–µ—Ç–Ω–∏–π –±—ã—Ç—å –º–∞–≥–∞–∑–∏–Ω –Ω–∞ –ª—é–±–æ–π –≤–∫—É—Å –∏ –∫–æ—à–µ–ª–µ–∫ –∫—É—á–∞ —Ä–µ—Å—Ç–æ—Ä–∞–Ω –æ—á–µ–Ω—å –ø—Ä–∏—è—Ç–Ω—ã–π –∏–Ω—Ç–µ—Ä—å–µ—Ä –¥–ª—è –ø—Ä–æ—Å—Ç–æ –ø–æ–≥—É–ª—è—Ç—å
5,"–í–Ω–µ –≤—Å—è–∫–∏—Ö —Å–æ–º–Ω–µ–Ω–∏–π, —ç—Ç–æ –æ–¥–∏–Ω –∏–∑ –ª—É—á—à–∏—Ö —Ç–æ—Ä–≥–æ–≤—ã—Ö —Ü–µ–Ω—Ç—Ä–æ–≤ –≥–æ—Ä–æ–¥–∞. –ò–Ω—Ç–µ—Ä–µ—Å–Ω–æ–µ —Ä–∞–∑–≤–ª–µ—á–µ–Ω–∏–µ –º–æ–∂–Ω–æ –Ω–∞–π—Ç–∏ –∏ –¥–ª—è –≤–∑—Ä–æ—Å–ª—ã—Ö, –∏ –¥–ª—è –¥–µ—Ç–µ–π. –ü—Ä–µ–∫—Ä–∞—Å–Ω—ã–π –≤—ã–±–æ—Ä –º–∞–≥–∞–∑–∏–Ω–æ–≤, –æ—Ç–ª–∏—á–Ω—ã–π —Ñ—É–¥-–∫–æ—Ä—Ç. ",5,–í–Ω–µ –≤—Å—è–∫–∏—Ö —Å–æ–º–Ω–µ–Ω–∏–π —ç—Ç–æ –æ–¥–∏–Ω –∏–∑ –ª—É—á—à–∏—Ö —Ç–æ—Ä–≥–æ–≤—ã—Ö —Ü–µ–Ω—Ç—Ä–æ–≤ –≥–æ—Ä–æ–¥–∞  –ò–Ω—Ç–µ—Ä–µ—Å–Ω–æ–µ —Ä–∞–∑–≤–ª–µ—á–µ–Ω–∏–µ –º–æ–∂–Ω–æ –Ω–∞–π—Ç–∏ –∏ –¥–ª—è –≤–∑—Ä–æ—Å–ª—ã—Ö –∏ –¥–ª—è –¥–µ—Ç–µ–π  –ü—Ä–µ–∫—Ä–∞—Å–Ω—ã–π –≤—ã–±–æ—Ä –º–∞–≥–∞–∑–∏–Ω–æ–≤ –æ—Ç–ª–∏—á–Ω—ã–π —Ñ—É–¥-–∫–æ—Ä—Ç  ,–≤–Ω–µ –≤—Å—è–∫–∏–π —Å–æ–º–Ω–µ–Ω–∏–µ —ç—Ç–æ –æ–¥–∏–Ω –∏–∑ —Ö–æ—Ä–æ—à–∏–π —Ç–æ—Ä–≥–æ–≤—ã–π —Ü–µ–Ω—Ç—Ä –≥–æ—Ä–æ–¥ –∏–Ω—Ç–µ—Ä–µ—Å–Ω—ã–π —Ä–∞–∑–≤–ª–µ—á–µ–Ω–∏–µ –º–æ–∂–Ω–æ –Ω–∞—Ö–æ–¥–∏—Ç—å –∏ –¥–ª—è –≤–∑—Ä–æ—Å–ª—ã–π –∏ –¥–ª—è —Ä–µ–±–µ–Ω–æ–∫ –ø—Ä–µ–∫—Ä–∞—Å–Ω—ã–π –≤—ã–±–æ—Ä –º–∞–≥–∞–∑–∏–Ω –æ—Ç–ª–∏—á–Ω—ã–π —Ñ—É–¥ - –∫–æ—Ä—Ç
6,"–û–Ω –Ω–∞—Å—Ç–æ–ª—å–∫–æ –æ–≥—Ä–æ–º–µ–Ω, —á—Ç–æ –¥–Ω—è –Ω–µ —Ö–≤–∞—Ç–∏–ª–æ. –¢—É—Ç –µ—Å—Ç—å –≤—Å—ë:–º–∞–≥–∞–∑–∏–Ω—ã –æ–¥–µ–∂–¥—ã, –æ–±—É–≤–∏,–¥–µ—Ç—Å–∫–∏–µ –ø–ª–æ—â–∞–¥–∫–∏ –æ–≥—Ä–æ–º–Ω—ã–µ,–∫–∞—Ç–æ–∫,—Ä–µ—Å—Ç–æ—Ä–∞–Ω—ã, —Å—Ä–µ–¥–∏ –Ω–∏—Ö –∏ –Ω–∞—à –ª—é–±–∏–º—ã–π —Å –ö–∏–ø—Ä–∞ &quot;ocean basket &quot;,–æ—Ç–ª–∏—á–Ω—ã–π.–ë—Ä–µ–Ω–¥—ã –∫–∞–∫–∏–µ —Ö–æ—á–µ—à—å-—è–ø–æ–Ω—Å–∫–∏–µ,–∏—Ä–ª–∞–Ω–¥—Å–∫–∏–µ, —Å–æ–±—Å—Ç–≤–µ–Ω–Ω–æ —Ä–æ—Å—Å–∏–π—Å–∫–∏–µ  –∏ —á–µ–≥–æ –µ—â—ë —Ç–æ–ª—å–∫–æ —Ö–æ—á–µ—à—å. –û—Ñ–æ—Ä–º–ª–µ–Ω–∏–µ</span><span>&hellip;",1,–û–Ω –Ω–∞—Å—Ç–æ–ª—å–∫–æ –æ–≥—Ä–æ–º–µ–Ω —á—Ç–æ –¥–Ω—è –Ω–µ —Ö–≤–∞—Ç–∏–ª–æ  –¢—É—Ç –µ—Å—Ç—å –≤—Å—ë:–º–∞–≥–∞–∑–∏–Ω—ã –æ–¥–µ–∂–¥—ã –æ–±—É–≤–∏–¥–µ—Ç—Å–∫–∏–µ –ø–ª–æ—â–∞–¥–∫–∏ –æ–≥—Ä–æ–º–Ω—ã–µ–∫–∞—Ç–æ–∫—Ä–µ—Å—Ç–æ—Ä–∞–Ω—ã —Å—Ä–µ–¥–∏ –Ω–∏—Ö –∏ –Ω–∞—à –ª—é–±–∏–º—ã–π —Å –ö–∏–ø—Ä–∞  ocean basket  –æ—Ç–ª–∏—á–Ω—ã–π  –ë—Ä–µ–Ω–¥—ã –∫–∞–∫–∏–µ —Ö–æ—á–µ—à—å-—è–ø–æ–Ω—Å–∫–∏–µ–∏—Ä–ª–∞–Ω–¥—Å–∫–∏–µ —Å–æ–±—Å—Ç–≤–µ–Ω–Ω–æ —Ä–æ—Å—Å–∏–π—Å–∫–∏–µ  –∏ —á–µ–≥–æ –µ—â—ë —Ç–æ–ª—å–∫–æ —Ö–æ—á–µ—à—å ,–æ–Ω –Ω–∞—Å—Ç–æ–ª—å–∫–æ –æ–≥—Ä–æ–º–Ω—ã–π —á—Ç–æ –¥–µ–Ω—å –Ω–µ —Ö–≤–∞—Ç–∏—Ç—å —Ç—É—Ç –±—ã—Ç—å –≤—Å–µ : –º–∞–≥–∞–∑–∏–Ω –æ–¥–µ–∂–¥–∞ –æ–±—É–≤–∏–¥–µ—Ç—Å–∫–∏–π –ø–ª–æ—â–∞–¥–∫–∞ –æ–≥—Ä–æ–º–Ω—ã–µ–∫–∞—Ç–æ–∫—Ä–µ—Å—Ç–æ—Ä–∞–Ω —Å—Ä–µ–¥–∏ –æ–Ω–∏ –∏ –Ω–∞—à –ª—é–±–∏–º—ã–π —Å –∫–∏–ø—Ä ocean basket –æ—Ç–ª–∏—á–Ω—ã–π –±—Ä–µ–Ω–¥ –∫–∞–∫–æ–π —Ö–æ—Ç–µ—Ç—å - —è–ø–æ–Ω—Å–∫–∏–µ–∏—Ä–ª–∞–Ω–¥—Å–∫–∏–π —Å–æ–±—Å—Ç–≤–µ–Ω–Ω–æ —Ä–æ—Å—Å–∏–π—Å–∫–∏–π –∏ —á—Ç–æ –µ—â–µ —Ç–æ–ª—å–∫–æ —Ö–æ—Ç–µ—Ç—å
7,–°–∞–º—ã–π –∏–Ω—Ç–µ—Ä–µ—Å–Ω—ã–π –∏ —Ö–æ—Ä–æ—à–∏–π –º–µ—Å—Ç–∞ –≤ –ú–æ—Å–∫–≤–µ.—Ç–∞–º –µ—Å—Ç—å –¥–ª—è –æ—Ç–¥—ã—Ö–∞ –≤—Å–µ.–ß–∞–π—Ö–∞–Ω–∞ –®—É—Ä–ø–∞ –Ω–∞ —á–µ—Ç–≤–µ—Ä—Ç–æ–º —ç—Ç–∞–∂–µ-–æ—á–µ–Ω—å –≤–∫—É—Å–Ω–æ –≥–æ—Ç–æ–≤—è—Ç –∏ –≥–æ—Å—Ç–µ–ø—Ä–∏–∏–º–Ω—ã–π –ª—é–¥–∏.–û—Ñ–∏—Ü–∏–∞–Ω—Ç –ê–ó–ò–ó–î–ñ–û–ù  –û–ß–ï–ù–¨ –•–û–†–û–®–û –û–ë–°–õ–£–ñ–ò–í–ê–ï–¢ –°–ü–ê–°–ò–ë–û  –ï–ú–£,5,–°–∞–º—ã–π –∏–Ω—Ç–µ—Ä–µ—Å–Ω—ã–π –∏ —Ö–æ—Ä–æ—à–∏–π –º–µ—Å—Ç–∞ –≤ –ú–æ—Å–∫–≤–µ  —Ç–∞–º –µ—Å—Ç—å –¥–ª—è –æ—Ç–¥—ã—Ö–∞ –≤—Å–µ  –ß–∞–π—Ö–∞–Ω–∞ –®—É—Ä–ø–∞ –Ω–∞ —á–µ—Ç–≤–µ—Ä—Ç–æ–º —ç—Ç–∞–∂–µ-–æ—á–µ–Ω—å –≤–∫—É—Å–Ω–æ –≥–æ—Ç–æ–≤—è—Ç –∏ –≥–æ—Å—Ç–µ–ø—Ä–∏–∏–º–Ω—ã–π –ª—é–¥–∏  –û—Ñ–∏—Ü–∏–∞–Ω—Ç –ê–ó–ò–ó–î–ñ–û–ù  –û–ß–ï–ù–¨ –•–û–†–û–®–û –û–ë–°–õ–£–ñ–ò–í–ê–ï–¢ –°–ü–ê–°–ò–ë–û  –ï–ú–£,—Å–∞–º—ã–π –∏–Ω—Ç–µ—Ä–µ—Å–Ω—ã–π –∏ —Ö–æ—Ä–æ—à–∏–π –º–µ—Å—Ç–æ –≤ –º–æ—Å–∫–≤–∞ —Ç–∞–º –±—ã—Ç—å –¥–ª—è –æ—Ç–¥—ã—Ö –≤–µ—Å—å —á–∞–π—Ö–∞–Ω–∞ —à—É—Ä–ø–∞ –Ω–∞ —á–µ—Ç–≤–µ—Ä—Ç—ã–π —ç—Ç–∞–∂ - –æ—á–µ–Ω—å –≤–∫—É—Å–Ω–æ –≥–æ—Ç–æ–≤–∏—Ç—å –∏ –≥–æ—Å—Ç–µ–ø—Ä–∏–∏–º–Ω—ã–π —á–µ–ª–æ–≤–µ–∫ –æ—Ñ–∏—Ü–∏–∞–Ω—Ç –∞–∑–∏–∑–¥–∂–æ–Ω –æ—á–µ–Ω—å —Ö–æ—Ä–æ—à–æ –æ–±—Å–ª—É–∂–∏–≤–∞—Ç—å —Å–ø–∞—Å–∏–±–æ –æ–Ω
8,"–û–≥—Ä–æ–º–Ω—ã–π –∏ –ø—Ä–æ—Å—Ç–æ—Ä–Ω—ã–π –¢–¶. –ú–æ–∂–Ω–æ –Ω–∞–π—Ç–∏ –º–∞–≥–∞–∑–∏–Ω—ã –Ω–∞ –ª—é–±–æ–π –≤–∫—É—Å. –û—á–µ–Ω—å –º–Ω–æ–≥–æ –¥–µ—Ç—Å–∫–∏—Ö –º–∞–≥–∞–∑–∏–Ω–æ–≤. –ë–æ–ª—å—à–∞—è —Ñ—É–¥–∫–æ—Ç–Ω–∞—è –∑–æ–Ω–∞. –ò–∑ –º–∏–Ω—É—Å–æ–≤ - –≤—Å–µ–≥–¥–∞ —É–≥–Ω–µ—Ç–∞–µ—Ç –¥–æ—Ä–æ–≥–∞ –æ—Ç –º–µ—Ç—Ä–æ, –≤—Ä–æ–¥–µ –Ω–µ–¥–∞–ª–µ–∫–æ, –Ω–æ –ø—Ä–∏—Ö–æ–¥–∏—Ç—Å—è –º–Ω–æ–≥–æ–µ –æ–±—Ö–æ–¥–∏—Ç—å.",5,–û–≥—Ä–æ–º–Ω—ã–π –∏ –ø—Ä–æ—Å—Ç–æ—Ä–Ω—ã–π –¢–¶  –ú–æ–∂–Ω–æ –Ω–∞–π—Ç–∏ –º–∞–≥–∞–∑–∏–Ω—ã –Ω–∞ –ª—é–±–æ–π –≤–∫—É—Å  –û—á–µ–Ω—å –º–Ω–æ–≥–æ –¥–µ—Ç—Å–∫–∏—Ö –º–∞–≥–∞–∑–∏–Ω–æ–≤  –ë–æ–ª—å—à–∞—è —Ñ—É–¥–∫–æ—Ç–Ω–∞—è –∑–æ–Ω–∞  –ò–∑ –º–∏–Ω—É—Å–æ–≤ - –≤—Å–µ–≥–¥–∞ —É–≥–Ω–µ—Ç–∞–µ—Ç –¥–æ—Ä–æ–≥–∞ –æ—Ç –º–µ—Ç—Ä–æ –≤—Ä–æ–¥–µ –Ω–µ–¥–∞–ª–µ–∫–æ –Ω–æ –ø—Ä–∏—Ö–æ–¥–∏—Ç—Å—è –º–Ω–æ–≥–æ–µ –æ–±—Ö–æ–¥–∏—Ç—å  ,–æ–≥—Ä–æ–º–Ω—ã–π –∏ –ø—Ä–æ—Å—Ç–æ—Ä–Ω—ã–π —Ç—Ü –º–æ–∂–Ω–æ –Ω–∞—Ö–æ–¥–∏—Ç—å –º–∞–≥–∞–∑–∏–Ω –Ω–∞ –ª—é–±–æ–π –≤–∫—É—Å –æ—á–µ–Ω—å –º–Ω–æ–≥–æ –¥–µ—Ç—Å–∫–∏–π –º–∞–≥–∞–∑–∏–Ω –±–æ–ª—å—à–æ–π —Ñ—É–¥–∫–æ—Ç–Ω—ã–π –∑–æ–Ω–∞ –∏–∑ –º–∏–Ω—É—Å - –≤—Å–µ–≥–¥–∞ —É–≥–Ω–µ—Ç–∞—Ç—å –¥–æ—Ä–æ–≥–∞ –æ—Ç –º–µ—Ç—Ä–æ –≤—Ä–æ–¥–µ –Ω–µ–¥–∞–ª–µ–∫–æ –Ω–æ –ø—Ä–∏—Ö–æ–¥–∏—Ç—å—Å—è –º–Ω–æ–≥–æ–µ –æ–±—Ö–æ–¥–∏—Ç—å
9,"–ù—Ä–∞–≤–∏—Ç—Å—è —ç—Ç–æ—Ç –¢–†–¶, —á–∞—Å—Ç–æ –ø—Ä–æ–≤–æ–¥–∏–º –∑–¥–µ—Å—å –≤—Ä–µ–º—è. –ï—Å—Ç—å –≤—Å–µ –∏ –¥–ª—è —Ä–∞–∑–≤–ª–µ—á–µ–Ω–∏–π –∏ –¥–ª—è —à–æ–ø–ø–∏–Ω–≥–∞ –∏ –¥–µ—Ç–µ–π –º–æ–∂–Ω–æ —Ä–∞–∑–≤–ª–µ—á—å –∏ —Å–µ–±—è.",5,–ù—Ä–∞–≤–∏—Ç—Å—è —ç—Ç–æ—Ç –¢–†–¶ —á–∞—Å—Ç–æ –ø—Ä–æ–≤–æ–¥–∏–º –∑–¥–µ—Å—å –≤—Ä–µ–º—è  –ï—Å—Ç—å –≤—Å–µ –∏ –¥–ª—è —Ä–∞–∑–≤–ª–µ—á–µ–Ω–∏–π –∏ –¥–ª—è —à–æ–ø–ø–∏–Ω–≥–∞ –∏ –¥–µ—Ç–µ–π –º–æ–∂–Ω–æ —Ä–∞–∑–≤–ª–µ—á—å –∏ —Å–µ–±—è  ,–Ω—Ä–∞–≤–∏—Ç—å—Å—è —ç—Ç–æ—Ç —Ç—Ä—Ü —á–∞—Å—Ç–æ –ø—Ä–æ–≤–æ–¥–∏—Ç—å –∑–¥–µ—Å—å –≤—Ä–µ–º—è –±—ã—Ç—å –≤—Å–µ –∏ –¥–ª—è —Ä–∞–∑–≤–ª–µ—á–µ–Ω–∏–µ –∏ –¥–ª—è —à–æ–ø–ø–∏–Ω–≥ –∏ —Ä–µ–±–µ–Ω–æ–∫ –º–æ–∂–Ω–æ —Ä–∞–∑–≤–ª–µ–∫–∞—Ç—å –∏ —Å–µ–±—è
10,"–ë–æ–ª—å—à–æ–π. —É–¥–æ–±–Ω—ã–π —Ç–æ—Ä–≥–æ–≤—ã–π —Ü–µ–Ω—Ç—Ä —Å —Ö–æ—Ä–æ—à–µ–π —Ç—Ä–∞–Ω—Å–ø–æ—Ä—Ç–Ω–æ–π –¥–æ—Å—Ç—É–ø–Ω–æ—Å—Ç—å—é –∫–∞–∫ –æ–±—â–µ—Å—Ç–≤–µ–Ω–Ω—ã–º —Ç—Ä–∞–Ω—Å–ø–æ—Ä—Ç–æ–º (–º–µ—Ç—Ä–æ &quot;–¶–°–ö–ê&quot;), —Ç–∞–∫ –∏ –Ω–∞ –ª–∏—á–Ω–æ–º –∞–≤—Ç–æ–º–æ–±–∏–ª–µ. –î–ª—è —Å–µ–º–µ–π–Ω–æ–≥–æ –æ—Ç–¥—ã—Ö–∞ –ª—É—á—à–µ–µ –º–µ—Å—Ç–æ –≤ –ú–æ—Å–∫–≤–µ. –í –¢–¶ –µ—Å—Ç—å –≤—Å–µ, –¥–ª—è —Ç–æ–≥–æ —á—Ç–æ–±—ã –∑–∞–Ω—è—Ç—å –¥–µ—Ç–µ–π, —á—Ç–æ–±—ã –∏–º –±—ã–ª–æ –∏–Ω—Ç–µ—Ä–µ—Å–Ω–æ –∏ –æ–Ω–∏ –±—ã–ª–∏ –¥–æ–≤–æ–ª—å–Ω—ã, –∏</span><span>&hellip;",5,–ë–æ–ª—å—à–æ–π  —É–¥–æ–±–Ω—ã–π —Ç–æ—Ä–≥–æ–≤—ã–π —Ü–µ–Ω—Ç—Ä —Å —Ö–æ—Ä–æ—à–µ–π —Ç—Ä–∞–Ω—Å–ø–æ—Ä—Ç–Ω–æ–π –¥–æ—Å—Ç—É–ø–Ω–æ—Å—Ç—å—é –∫–∞–∫ –æ–±—â–µ—Å—Ç–≤–µ–Ω–Ω—ã–º —Ç—Ä–∞–Ω—Å–ø–æ—Ä—Ç–æ–º –º–µ—Ç—Ä–æ  –¶–°–ö–ê  —Ç–∞–∫ –∏ –Ω–∞ –ª–∏—á–Ω–æ–º –∞–≤—Ç–æ–º–æ–±–∏–ª–µ  –î–ª—è —Å–µ–º–µ–π–Ω–æ–≥–æ –æ—Ç–¥—ã—Ö–∞ –ª—É—á—à–µ–µ –º–µ—Å—Ç–æ –≤ –ú–æ—Å–∫–≤–µ ,–±–æ–ª—å—à–æ–π —É–¥–æ–±–Ω—ã–π —Ç–æ—Ä–≥–æ–≤—ã–π —Ü–µ–Ω—Ç—Ä —Å —Ö–æ—Ä–æ—à–∏–π —Ç—Ä–∞–Ω—Å–ø–æ—Ä—Ç–Ω—ã–π –¥–æ—Å—Ç—É–ø–Ω–æ—Å—Ç—å –∫–∞–∫ –æ–±—â–µ—Å—Ç–≤–µ–Ω–Ω—ã–π —Ç—Ä–∞–Ω—Å–ø–æ—Ä—Ç –º–µ—Ç—Ä–æ —Ü—Å–∫–∞ —Ç–∞–∫ –∏ –Ω–∞ –ª–∏—á–Ω—ã–π –∞–≤—Ç–æ–º–æ–±–∏–ª—å –¥–ª—è —Å–µ–º–µ–π–Ω—ã–π –æ—Ç–¥—ã—Ö —Ö–æ—Ä–æ—à–∏–π –º–µ—Å—Ç–æ –≤ –º–æ—Å–∫–≤–∞
11,"–¢–¶ –Ω–∞—Ö–æ–¥–∏—Ç—Å—è –≤ –ø–∞—Ä–µ –º–∏–Ω—É—Ç —Ö–æ–¥—å–±—ã –æ—Ç –º–µ—Ç—Ä–æ –¶–°–ö–ê, —Ö–æ—Ä–æ—à–∞—è, –±–æ–ª—å—à–∞—è –ø–∞—Ä–∫–æ–≤–∫–∞, –∞–∫–≤–∞—Ä–∏—É–º —à–∏–∫–∞—Ä–Ω—ã–π, —Ä—ã–±–∫–∏ –æ—á–µ–Ω—å –∫—Ä–∞—Å–∏–≤—ã–µ, –±—ã–ª–∏ –Ω–∞ –Ω–µ–¥–µ–ª–µ, –Ω–∞—Ä–æ–¥–∞ –±—ã–ª–æ –º–Ω–æ–≥–æ, —Ç–æ–ª—å–∫–æ —É —Ñ—É–¥–∫–æ—Ä—Ç–∞ –≤ –æ–±–µ–¥. –†–µ–∫–æ–º–µ–Ω–¥—É—é –∫ –ø–æ—Å–µ—â–µ–Ω–∏—é.",5,–¢–¶ –Ω–∞—Ö–æ–¥–∏—Ç—Å—è –≤ –ø–∞—Ä–µ –º–∏–Ω—É—Ç —Ö–æ–¥—å–±—ã –æ—Ç –º–µ—Ç—Ä–æ –¶–°–ö–ê —Ö–æ—Ä–æ—à–∞—è –±–æ–ª—å—à–∞—è –ø–∞—Ä–∫–æ–≤–∫–∞ –∞–∫–≤–∞—Ä–∏—É–º —à–∏–∫–∞—Ä–Ω—ã–π —Ä—ã–±–∫–∏ –æ—á–µ–Ω—å –∫—Ä–∞—Å–∏–≤—ã–µ –±—ã–ª–∏ –Ω–∞ –Ω–µ–¥–µ–ª–µ –Ω–∞—Ä–æ–¥–∞ –±—ã–ª–æ –º–Ω–æ–≥–æ —Ç–æ–ª—å–∫–æ —É —Ñ—É–¥–∫–æ—Ä—Ç–∞ –≤ –æ–±–µ–¥  –†–µ–∫–æ–º–µ–Ω–¥—É—é –∫ –ø–æ—Å–µ—â–µ–Ω–∏—é  ,—Ç—Ü –Ω–∞—Ö–æ–¥–∏—Ç—å—Å—è –≤ –ø–∞—Ä–∞ –º–∏–Ω—É—Ç–∞ —Ö–æ–¥—å–±–∞ –æ—Ç –º–µ—Ç—Ä–æ —Ü—Å–∫–∞ —Ö–æ—Ä–æ—à–∏–π –±–æ–ª—å—à–æ–π –ø–∞—Ä–∫–æ–≤–∫–∞ –∞–∫–≤–∞—Ä–∏—É–º —à–∏–∫–∞—Ä–Ω—ã–π —Ä—ã–±–∫–∞ –æ—á–µ–Ω—å –∫—Ä–∞—Å–∏–≤—ã–π –±—ã—Ç—å –Ω–∞ –Ω–µ–¥–µ–ª—è –Ω–∞—Ä–æ–¥ –±—ã—Ç—å –º–Ω–æ–≥–æ —Ç–æ–ª—å–∫–æ —É —Ñ—É–¥–∫–æ—Ä—Ç –≤ –æ–±–µ–¥ —Ä–µ–∫–æ–º–µ–Ω–¥–æ–≤–∞—Ç—å –∫ –ø–æ—Å–µ—â–µ–Ω–∏–µ
12,"–û—Ç–ª–∏—á–Ω—ã–π –∫—Ä—É–ø–Ω—ã–π –¢–¶. –ò–¥–µ–∞–ª—å–Ω—ã–π –∞–∫–≤–∞—Ä–∏—É–º –≤ —Ü–µ–Ω—Ç—Ä–µ. –û—Ç –≤—Ö–æ–¥–∞ –º–µ—Ç—Ä–æ –º–µ–¥–ª–µ–Ω–Ω–æ–µ –ø–µ—Ä–µ–º–µ—â–µ–Ω–∏–µ –≤–Ω—É—Ç—Ä—å –ø–æ —Ç—Ä–∞–≤–æ–ª–∞—Ç–æ—Ä–∞–º, –µ—Å–ª–∏ —ç—Ç–æ –≤—ã—Ö–æ–¥–Ω–æ–π. –ü–æ—á–µ–º—É-—Ç–æ —Ç—É—Ç –º–æ–∂–Ω–æ —Å—Ä–∞–∑—É –≤—Å—Ç—Ä–µ—Ç–∏—Ç—å –∑–≤–µ–∑–¥—É —é—Ç—É–±–∞ –∏ –¥–≤—É—Ö —Ç–∏–∫—Ç–æ–∫–µ—Ä—à, –Ω–µ —Å–≤—è–∑–∞–Ω–Ω—ã—Ö –º–µ–∂–¥—É —Å–æ–±–æ–π.",5,–û—Ç–ª–∏—á–Ω—ã–π –∫—Ä—É–ø–Ω—ã–π –¢–¶  –ò–¥–µ–∞–ª—å–Ω—ã–π –∞–∫–≤–∞—Ä–∏—É–º –≤ —Ü–µ–Ω—Ç—Ä–µ  –û—Ç –≤—Ö–æ–¥–∞ –º–µ—Ç—Ä–æ –º–µ–¥–ª–µ–Ω–Ω–æ–µ –ø–µ—Ä–µ–º–µ—â–µ–Ω–∏–µ –≤–Ω—É—Ç—Ä—å –ø–æ —Ç—Ä–∞–≤–æ–ª–∞—Ç–æ—Ä–∞–º –µ—Å–ª–∏ —ç—Ç–æ –≤—ã—Ö–æ–¥–Ω–æ–π  –ü–æ—á–µ–º—É-—Ç–æ —Ç—É—Ç –º–æ–∂–Ω–æ —Å—Ä–∞–∑—É –≤—Å—Ç—Ä–µ—Ç–∏—Ç—å –∑–≤–µ–∑–¥—É —é—Ç—É–±–∞ –∏ –¥–≤—É—Ö —Ç–∏–∫—Ç–æ–∫–µ—Ä—à –Ω–µ —Å–≤—è–∑–∞–Ω–Ω—ã—Ö –º–µ–∂–¥—É —Å–æ–±–æ–π  ,–æ—Ç–ª–∏—á–Ω—ã–π –∫—Ä—É–ø–Ω—ã–π —Ç—Ü –∏–¥–µ–∞–ª—å–Ω—ã–π –∞–∫–≤–∞—Ä–∏—É–º –≤ —Ü–µ–Ω—Ç—Ä –æ—Ç –≤—Ö–æ–¥ –º–µ—Ç—Ä–æ –º–µ–¥–ª–µ–Ω–Ω—ã–π –ø–µ—Ä–µ–º–µ—â–µ–Ω–∏–µ –≤–Ω—É—Ç—Ä—å –ø–æ —Ç—Ä–∞–≤–æ–ª–∞—Ç–æ—Ä –µ—Å–ª–∏ —ç—Ç–æ –≤—ã—Ö–æ–¥–Ω–æ–π –ø–æ—á–µ–º—É - —Ç–æ —Ç—É—Ç –º–æ–∂–Ω–æ —Å—Ä–∞–∑—É –≤—Å—Ç—Ä–µ—á–∞—Ç—å –∑–≤–µ–∑–¥–∞ —é—Ç—É–± –∏ –¥–≤–∞ —Ç–∏–∫—Ç–æ–∫–µ—Ä—à –Ω–µ —Å–≤—è–∑—ã–≤–∞—Ç—å –º–µ–∂–¥—É —Å–µ–±—è
13,"–ü—Ä–∏–≤–µ—Ç! –•–æ—á—É –Ω–∞–ø–∏—Å–∞—Ç—å –ø—Ä–æ ¬´Za–º–∞–Ω–∏—é¬ª  –ù–µ–¥–∞–≤–Ω–æ –ø–µ—Ä–µ–µ—Ö–∞–ª–∏ —Å —Ä–µ–±—ë–Ω–∫–æ–º ( 4 –≥–æ–¥–∞) –≤ –¥—Ä—É–≥–æ–π —Ä–∞–π–æ–Ω –ú–æ—Å–∫–≤—ã –∏ –æ—Ç–∫—Ä—ã–ª–∏ –¥–ª—è —Å–µ–±—è —ç—Ç–æ—Ç –ø—Ä–µ–∫—Ä–∞—Å–Ω—ã–π —Ä–∞–∑–≤–ª–µ–∫–∞—Ç–µ–ª—å–Ω—ã–π —Ü–µ–Ω—Ç—Ä ! –î–æ—á—å –±–µ–∑—É–º–Ω–æ —Ä–∞–¥–∞ –∏ —è –≤–º–µ—Å—Ç–µ —Å –Ω–µ–π :) –±–µ–≥–∞–µ–º , –ø—Ä—ã–≥–∞–µ–º –Ω–∞ –±–∞—Ç—É—Ç–∞—Ö , –∫–∞—Ç–∞–µ–º—Å—è –Ω–∞ –≤–∞—Ç—Ä—É—Ö–∞—Ö ! –û—á–µ–Ω—å —Ä–∞–¥—ã , —á—Ç–æ –∑–¥–µ—Å—å —Ç–∞–∫–∞—è</span><span>&hellip;",5,–ü—Ä–∏–≤–µ—Ç  –•–æ—á—É –Ω–∞–ø–∏—Å–∞—Ç—å –ø—Ä–æ ¬´Za–º–∞–Ω–∏—é¬ª  –ù–µ–¥–∞–≤–Ω–æ –ø–µ—Ä–µ–µ—Ö–∞–ª–∏ —Å —Ä–µ–±—ë–Ω–∫–æ–º  4 –≥–æ–¥–∞ –≤ –¥—Ä—É–≥–æ–π —Ä–∞–π–æ–Ω –ú–æ—Å–∫–≤—ã –∏ –æ—Ç–∫—Ä—ã–ª–∏ –¥–ª—è —Å–µ–±—è —ç—Ç–æ—Ç –ø—Ä–µ–∫—Ä–∞—Å–Ω—ã–π —Ä–∞–∑–≤–ª–µ–∫–∞—Ç–µ–ª—å–Ω—ã–π —Ü–µ–Ω—Ç—Ä   –î–æ—á—å –±–µ–∑—É–º–Ω–æ —Ä–∞–¥–∞ –∏ —è –≤–º–µ—Å—Ç–µ —Å –Ω–µ–π : –±–µ–≥–∞–µ–º  –ø—Ä—ã–≥–∞–µ–º –Ω–∞ –±–∞—Ç—É—Ç–∞—Ö  –∫–∞—Ç–∞–µ–º—Å—è –Ω–∞ –≤–∞—Ç—Ä—É—Ö–∞—Ö  ,–ø—Ä–∏–≤–µ—Ç —Ö–æ—Ç–µ—Ç—å –Ω–∞–ø–∏—Å–∞—Ç—å –ø—Ä–æ ¬´ Za–º–∞–Ω–∏—é ¬ª –Ω–µ–¥–∞–≤–Ω–æ –ø–µ—Ä–µ–µ–∑–∂–∞—Ç—å —Å —Ä–µ–±–µ–Ω–æ–∫ 4 –≥–æ–¥ –≤ –¥—Ä—É–≥–æ–π —Ä–∞–π–æ–Ω –º–æ—Å–∫–≤–∞ –∏ –æ—Ç–∫—Ä—ã–≤–∞—Ç—å –¥–ª—è —Å–µ–±—è —ç—Ç–æ—Ç –ø—Ä–µ–∫—Ä–∞—Å–Ω—ã–π —Ä–∞–∑–≤–ª–µ–∫–∞—Ç–µ–ª—å–Ω—ã–π —Ü–µ–Ω—Ç—Ä –¥–æ—á—å –±–µ–∑—É–º–Ω–æ —Ä–∞–¥ –∏ —è –≤–º–µ—Å—Ç–µ —Å –æ–Ω–∞ : –±–µ–≥–∞—Ç—å –ø—Ä—ã–≥–∞—Ç—å –Ω–∞ –±–∞—Ç—É—Ç –∫–∞—Ç–∞—Ç—å—Å—è –Ω–∞ –≤–∞—Ç—Ä—É—Ö–∞
14,"–ö—Ä–∞—Å–∏–≤—ã–π –¢–†–¶, —Å –≤–µ–ª–∏–∫–æ–ª–µ–ø–Ω—ã–º –∞–∫–≤–∞—Ä–∏—É–º–æ–º —Å —ç–∫–∑–æ—Ç–∏—á–µ—Å–∫–∏–º–∏ —Ä—ã–±–∫–∞–º–∏. –ú–Ω–æ–≥–æ–æ–±—Ä–∞–∑–∏–µ –±—Ä–µ–Ω–¥–æ–≤. –û—á–µ–Ω—å –º–Ω–æ–≥–æ –¥–µ—Ç—Å–∫–∏—Ö –º–∞–≥–∞–∑–∏–Ω–æ–≤. –§—É–¥-–∫–æ—Ä—Ç—ã –∏ –∫–∞—Ñ–µ—à–∫–∏. –õ—é–±–∏–º–∞—è ¬´–†–µ—Å–ø—É–±–ª–∏–∫–∞¬ª. –ò –ø—Ä–æ—á–µ–µ –∏ –ø—Ä–æ—á–µ–µ. –í –æ–±—â–µ–º —Å–æ–≤–µ—Ç—É—é.",1,–ö—Ä–∞—Å–∏–≤—ã–π –¢–†–¶ —Å –≤–µ–ª–∏–∫–æ–ª–µ–ø–Ω—ã–º –∞–∫–≤–∞—Ä–∏—É–º–æ–º —Å —ç–∫–∑–æ—Ç–∏—á–µ—Å–∫–∏–º–∏ —Ä—ã–±–∫–∞–º–∏  –ú–Ω–æ–≥–æ–æ–±—Ä–∞–∑–∏–µ –±—Ä–µ–Ω–¥–æ–≤  –û—á–µ–Ω—å –º–Ω–æ–≥–æ –¥–µ—Ç—Å–∫–∏—Ö –º–∞–≥–∞–∑–∏–Ω–æ–≤  –§—É–¥-–∫–æ—Ä—Ç—ã –∏ –∫–∞—Ñ–µ—à–∫–∏  –õ—é–±–∏–º–∞—è ¬´–†–µ—Å–ø—É–±–ª–∏–∫–∞¬ª  –ò –ø—Ä–æ—á–µ–µ –∏ –ø—Ä–æ—á–µ–µ  –í –æ–±—â–µ–º —Å–æ–≤–µ—Ç—É—é  ,–∫—Ä–∞—Å–∏–≤—ã–π —Ç—Ä—Ü —Å –≤–µ–ª–∏–∫–æ–ª–µ–ø–Ω—ã–π –∞–∫–≤–∞—Ä–∏—É–º —Å —ç–∫–∑–æ—Ç–∏—á–µ—Å–∫–∏–π —Ä—ã–±–∫–∞ –º–Ω–æ–≥–æ–æ–±—Ä–∞–∑–∏–µ –±—Ä–µ–Ω–¥ –æ—á–µ–Ω—å –º–Ω–æ–≥–æ –¥–µ—Ç—Å–∫–∏–π –º–∞–≥–∞–∑–∏–Ω —Ñ—É–¥ - –∫–æ—Ä—Ç –∏ –∫–∞—Ñ–µ—à–∫–∞ –ª—é–±–∏–º–∞—è ¬´ —Ä–µ—Å–ø—É–±–ª–∏–∫–∞ ¬ª –∏ –ø—Ä–æ—á–µ–µ –∏ –ø—Ä–æ—á–µ–µ –≤ –æ–±—â–∏–π —Å–æ–≤–µ—Ç–æ–≤–∞—Ç—å
15,"–û—Å–µ–Ω—å –±–æ–ª—å—à–æ–π —Ç–æ—Ä–≥–æ–≤—ã–π —Ü–µ–Ω—Ç—Ä. –ú–Ω–µ –±–æ–ª—å—à–µ –≤—Å–µ–≥–æ –ø–æ–Ω—Ä–∞–≤–∏–ª–∞—Å—å –∫–∏–¥–∑–∞–Ω–∏—è –¥–ª—è –¥–µ—Ç–µ–π, –≥–¥–µ –æ–Ω–∏ –º–∞—Å—Ç–µ—Ä—Å—Ç–≤–æ –∏–ª–∏ —Ä–∞–±–æ—Ç–∞—é—Ç –∫–∞–∫ –≤–∑—Ä–æ—Å–ª—ã–µ. –•–æ—Ä–æ—à–∏–π –±–∞—Ç—É—Ç–Ω—ã–π —Ü–µ–Ω—Ç—Ä. –ú–∞–ª–µ–Ω—å–∫–∏–º –¥–µ—Ç—è–º —Ç–æ–∂–µ –µ—Å—Ç—å —á–µ–º –∑–∞–Ω—è—Ç—å—Å—è.",5,–û—Å–µ–Ω—å –±–æ–ª—å—à–æ–π —Ç–æ—Ä–≥–æ–≤—ã–π —Ü–µ–Ω—Ç—Ä  –ú–Ω–µ –±–æ–ª—å—à–µ –≤—Å–µ–≥–æ –ø–æ–Ω—Ä–∞–≤–∏–ª–∞—Å—å –∫–∏–¥–∑–∞–Ω–∏—è –¥–ª—è –¥–µ—Ç–µ–π –≥–¥–µ –æ–Ω–∏ –º–∞—Å—Ç–µ—Ä—Å—Ç–≤–æ –∏–ª–∏ —Ä–∞–±–æ—Ç–∞—é—Ç –∫–∞–∫ –≤–∑—Ä–æ—Å–ª—ã–µ  –•–æ—Ä–æ—à–∏–π –±–∞—Ç—É—Ç–Ω—ã–π —Ü–µ–Ω—Ç—Ä  –ú–∞–ª–µ–Ω—å–∫–∏–º –¥–µ—Ç—è–º —Ç–æ–∂–µ –µ—Å—Ç—å —á–µ–º –∑–∞–Ω—è—Ç—å—Å—è  ,–æ—Å–µ–Ω—å –±–æ–ª—å—à–æ–π —Ç–æ—Ä–≥–æ–≤—ã–π —Ü–µ–Ω—Ç—Ä —è –º–Ω–æ–≥–æ –≤—Å–µ –ø–æ–Ω—Ä–∞–≤–∏—Ç—å—Å—è –∫–∏–¥–∑–∞–Ω–∏–µ –¥–ª—è —Ä–µ–±–µ–Ω–æ–∫ –≥–¥–µ –æ–Ω–∏ –º–∞—Å—Ç–µ—Ä—Å—Ç–≤–æ –∏–ª–∏ —Ä–∞–±–æ—Ç–∞—Ç—å –∫–∞–∫ –≤–∑—Ä–æ—Å–ª—ã–π —Ö–æ—Ä–æ—à–∏–π –±–∞—Ç—É—Ç–Ω—ã–π —Ü–µ–Ω—Ç—Ä –º–∞–ª–µ–Ω—å–∫–∏–π —Ä–µ–±–µ–Ω–æ–∫ —Ç–æ–∂–µ –±—ã—Ç—å —á–µ–º –∑–∞–Ω–∏–º–∞—Ç—å—Å—è
16,"–•–æ—Ä–æ—à–∞—è –ø–∞—Ä–∫–æ–≤–∫–∞, –º–Ω–æ–≥–æ –º–∞–≥–∞–∑–∏–Ω–æ–≤. –ß–µ—Ç—ã—Ä–µ —ç—Ç–∞–∂–∞, –æ—á–µ–Ω—å –º–Ω–æ–≥–æ —Ä–∞–∑–ª–∏—á–Ω—ã—Ö –º–∞–≥–∞–∑–∏–Ω–æ–≤ –Ω–∞ –ª—é–±–æ–π –≤–∫—É—Å. –ó–¥–µ—Å—å –∫–∞–∂–¥—ã–π –Ω–∞–π–¥–µ—Ç, —Ç–æ —á—Ç–æ –µ–º—É –ø–æ –¥—É—à–µ.",5,–•–æ—Ä–æ—à–∞—è –ø–∞—Ä–∫–æ–≤–∫–∞ –º–Ω–æ–≥–æ –º–∞–≥–∞–∑–∏–Ω–æ–≤  –ß–µ—Ç—ã—Ä–µ —ç—Ç–∞–∂–∞ –æ—á–µ–Ω—å –º–Ω–æ–≥–æ —Ä–∞–∑–ª–∏—á–Ω—ã—Ö –º–∞–≥–∞–∑–∏–Ω–æ–≤ –Ω–∞ –ª—é–±–æ–π –≤–∫—É—Å  –ó–¥–µ—Å—å –∫–∞–∂–¥—ã–π –Ω–∞–π–¥–µ—Ç —Ç–æ —á—Ç–æ –µ–º—É –ø–æ –¥—É—à–µ  ,—Ö–æ—Ä–æ—à–∏–π –ø–∞—Ä–∫–æ–≤–∫–∞ –º–Ω–æ–≥–æ –º–∞–≥–∞–∑–∏–Ω —á–µ—Ç—ã—Ä–µ —ç—Ç–∞–∂ –æ—á–µ–Ω—å –º–Ω–æ–≥–æ —Ä–∞–∑–ª–∏—á–Ω—ã–π –º–∞–≥–∞–∑–∏–Ω –Ω–∞ –ª—é–±–æ–π –≤–∫—É—Å –∑–¥–µ—Å—å –∫–∞–∂–¥—ã–π –Ω–∞—Ö–æ–¥–∏—Ç—å —Ç–æ —á—Ç–æ –æ–Ω –ø–æ –¥—É—à–∞
17,"–ù–µ–∑–∞–±—ã–≤–∞–µ–º—ã–µ –≤–ø–µ—á–∞—Ç–ª–µ–Ω–∏—è –æ—Ç –∫–æ—Ä–º–ª–µ–Ω–∏—è —Ä—ã–± –∞–∫–≤–∞–ª–∞–Ω–≥–∏—Å—Ç–æ–º –≤ —Å–∞–º–æ–º –±–æ–ª—å—à–æ–º —Ü–∏–ª–∏–Ω–¥—Ä–∏—á–µ—Å–∫–æ–º –∞–∫–≤–∞—Ä–∏—É–º–µ. –û—á–µ–Ω—å —Ä–∞–∑–Ω–æ–æ–±—Ä–∞–∑–Ω–æ –ø—Ä–µ–¥—Å—Ç–∞–≤–ª–µ–Ω —Ñ–∞—Å—Ç—Ñ—É–¥ –∏ –ø–æ–¥–æ–±–Ω—ã–µ –ø–µ—Ä–µ–∫—É—Å—ã. –ú–æ–∂–Ω–æ –∏ —Å–¥–µ–ª–∞—Ç—å –ø–æ–∫—É–ø–∫–∏, –∏ –ø–µ—Ä–µ–∫—É—Å–∏—Ç—å, –∏ –∏–Ω—Ç–µ—Ä–µ—Å–Ω–æ –ø—Ä–æ–≤–µ—Å—Ç–∏ –≤—Ä–µ–º—è –≤ –∫–≤–µ—Å—Ç—Ä—É–º–∞—Ö.",5,–ù–µ–∑–∞–±—ã–≤–∞–µ–º—ã–µ –≤–ø–µ—á–∞—Ç–ª–µ–Ω–∏—è –æ—Ç –∫–æ—Ä–º–ª–µ–Ω–∏—è —Ä—ã–± –∞–∫–≤–∞–ª–∞–Ω–≥–∏—Å—Ç–æ–º –≤ —Å–∞–º–æ–º –±–æ–ª—å—à–æ–º —Ü–∏–ª–∏–Ω–¥—Ä–∏—á–µ—Å–∫–æ–º –∞–∫–≤–∞—Ä–∏—É–º–µ  –û—á–µ–Ω—å —Ä–∞–∑–Ω–æ–æ–±—Ä–∞–∑–Ω–æ –ø—Ä–µ–¥—Å—Ç–∞–≤–ª–µ–Ω —Ñ–∞—Å—Ç—Ñ—É–¥ –∏ –ø–æ–¥–æ–±–Ω—ã–µ –ø–µ—Ä–µ–∫—É—Å—ã  –ú–æ–∂–Ω–æ –∏ —Å–¥–µ–ª–∞—Ç—å –ø–æ–∫—É–ø–∫–∏ –∏ –ø–µ—Ä–µ–∫—É—Å–∏—Ç—å –∏ –∏–Ω—Ç–µ—Ä–µ—Å–Ω–æ –ø—Ä–æ–≤–µ—Å—Ç–∏ –≤—Ä–µ–º—è –≤ –∫–≤–µ—Å—Ç—Ä—É–º–∞—Ö  ,–Ω–µ–∑–∞–±—ã–≤–∞–µ–º—ã–π –≤–ø–µ—á–∞—Ç–ª–µ–Ω–∏–µ –æ—Ç –∫–æ—Ä–º–ª–µ–Ω–∏–µ —Ä—ã–±–∞ –∞–∫–≤–∞–ª–∞–Ω–≥–∏—Å—Ç –≤ —Å–∞–º—ã–π –±–æ–ª—å—à–æ–π —Ü–∏–ª–∏–Ω–¥—Ä–∏—á–µ—Å–∫–∏–π –∞–∫–≤–∞—Ä–∏—É–º –æ—á–µ–Ω—å —Ä–∞–∑–Ω–æ–æ–±—Ä–∞–∑–Ω–æ –ø—Ä–µ–¥—Å—Ç–∞–≤–ª—è—Ç—å —Ñ–∞—Å—Ç—Ñ—É–¥ –∏ –ø–æ–¥–æ–±–Ω—ã–π –ø–µ—Ä–µ–∫—É—Å –º–æ–∂–Ω–æ –∏ —Å–¥–µ–ª–∞—Ç—å –ø–æ–∫—É–ø–∫–∞ –∏ –ø–µ—Ä–µ–∫—É—Å–∏—Ç—å –∏ –∏–Ω—Ç–µ—Ä–µ—Å–Ω–æ –ø—Ä–æ–≤–æ–¥–∏—Ç—å –≤—Ä–µ–º—è –≤ –∫–≤–µ—Å—Ç—Ä—É–º
18,"–ì–ª–∞–≤–Ω–∞—è –¥–æ—Å—Ç–æ–ø—Ä–∏–º–µ—á–∞—Ç–µ–ª—å–Ω–æ—Å—Ç—å –¥–∞–Ω–Ω–æ–≥–æ —Ç–æ—Ä–≥–æ–≤–æ–≥–æ —Ü–µ–Ω—Ç—Ä–∞ —ç—Ç–æ –∞–∫–≤–∞—Ä–∏—É–º, –∑–∞–Ω–µ—Å–µ–Ω–Ω—ã–π –≤ –∫–Ω–∏–≥—É —Ä–µ–∫–æ—Ä–¥–æ–≤ –ì–∏–Ω–Ω–µ—Å–∞, –≤ –æ—Å—Ç–∞–ª—å–Ω–æ–º –æ–±—ã—á–Ω—ã–π —Ç–æ—Ä–≥–æ–≤—ã–π —Ü–µ–Ω—Ç—Ä",5,–ì–ª–∞–≤–Ω–∞—è –¥–æ—Å—Ç–æ–ø—Ä–∏–º–µ—á–∞—Ç–µ–ª—å–Ω–æ—Å—Ç—å –¥–∞–Ω–Ω–æ–≥–æ —Ç–æ—Ä–≥–æ–≤–æ–≥–æ —Ü–µ–Ω—Ç—Ä–∞ —ç—Ç–æ –∞–∫–≤–∞—Ä–∏—É–º –∑–∞–Ω–µ—Å–µ–Ω–Ω—ã–π –≤ –∫–Ω–∏–≥—É —Ä–µ–∫–æ—Ä–¥–æ–≤ –ì–∏–Ω–Ω–µ—Å–∞ –≤ –æ—Å—Ç–∞–ª—å–Ω–æ–º –æ–±—ã—á–Ω—ã–π —Ç–æ—Ä–≥–æ–≤—ã–π —Ü–µ–Ω—Ç—Ä,–≥–ª–∞–≤–Ω—ã–π –¥–æ—Å—Ç–æ–ø—Ä–∏–º–µ—á–∞—Ç–µ–ª—å–Ω–æ—Å—Ç—å –¥–∞–Ω–Ω—ã–π —Ç–æ—Ä–≥–æ–≤—ã–π —Ü–µ–Ω—Ç—Ä —ç—Ç–æ –∞–∫–≤–∞—Ä–∏—É–º –∑–∞–Ω–µ—Å—Ç–∏ –≤ –∫–Ω–∏–≥–∞ —Ä–µ–∫–æ—Ä–¥ –≥–∏–Ω–Ω–µ—Å –≤ –æ—Å—Ç–∞–ª—å–Ω–æ–µ –æ–±—ã—á–Ω—ã–π —Ç–æ—Ä–≥–æ–≤—ã–π —Ü–µ–Ω—Ç—Ä
19,"–û—Ç–ª–∏—á–Ω–æ–µ –º–µ—Å—Ç–æ –¥–ª—è –≤—Å–µ–π —Å–µ–º—å–∏. –ü–æ–∂–∞–ª–µ–ª–∏ —á—Ç–æ –ø—Ä–∏–µ—Ö–∞–ª–∏ –ø–æ–∑–¥–Ω–æ, –º–Ω–æ–≥–æ —á–µ–≥–æ  –Ω–µ —É—Å–ø–µ–ª–∏ , —É—Å–ø–µ–ª–∏ —Ç–æ–ª—å–∫–æ –ø–æ–µ—Å—Ç—å , —Ä–µ–±—ë–Ω–æ–∫ 16 –ª–µ—Ç –ø–æ–∏–≥—Ä–∞–ª –≤ –≤–∏—Ä—Ç—É–∞–ª—å–Ω—ã–µ –∏–≥—Ä—ã (–∫–æ—Ç–æ—Ä—ã–µ –≤ –æ—á–∫–∞—Ö) –∏ –æ—á–µ–Ω—å –¥–æ–ª–≥–æ –∑–∞–≤–∏—Å –≤ —Ç–∏—Ä–µ &quot;—Ü–µ–ª—å&quot;( –±—ã–ª–∞ –∞–∫—Ü–∏—è 1+1), –º—É–∂ —É—Å–ø–µ–ª –ø–æ–≥—É–ª—è—Ç—å –ø–æ –æ–≥—Ä–æ–º–Ω–æ–º—É —Å—É–ø–µ—Ä–º–∞—Ä–∫–µ—Ç—É. –ù–µ —É—Å–ø–µ–ª–∏</span><span>&hellip;",5,–û—Ç–ª–∏—á–Ω–æ–µ –º–µ—Å—Ç–æ –¥–ª—è –≤—Å–µ–π —Å–µ–º—å–∏  –ü–æ–∂–∞–ª–µ–ª–∏ —á—Ç–æ –ø—Ä–∏–µ—Ö–∞–ª–∏ –ø–æ–∑–¥–Ω–æ –º–Ω–æ–≥–æ —á–µ–≥–æ  –Ω–µ —É—Å–ø–µ–ª–∏  —É—Å–ø–µ–ª–∏ —Ç–æ–ª—å–∫–æ –ø–æ–µ—Å—Ç—å  —Ä–µ–±—ë–Ω–æ–∫ 16 –ª–µ—Ç –ø–æ–∏–≥—Ä–∞–ª –≤ –≤–∏—Ä—Ç—É–∞–ª—å–Ω—ã–µ –∏–≥—Ä—ã –∫–æ—Ç–æ—Ä—ã–µ –≤ –æ—á–∫–∞—Ö –∏ –æ—á–µ–Ω—å –¥–æ–ª–≥–æ –∑–∞–≤–∏—Å –≤ —Ç–∏—Ä–µ  —Ü–µ–ª—å  –±—ã–ª–∞ –∞–∫—Ü–∏—è 1+1 –º—É–∂ —É—Å–ø–µ–ª –ø–æ–≥—É–ª—è—Ç—å –ø–æ –æ–≥—Ä–æ–º–Ω–æ–º—É —Å—É–ø–µ—Ä–º–∞—Ä–∫–µ—Ç—É ,–æ—Ç–ª–∏—á–Ω—ã–π –º–µ—Å—Ç–æ –¥–ª—è –≤–µ—Å—å —Å–µ–º—å—è –ø–æ–∂–∞–ª–µ—Ç—å —á—Ç–æ –ø—Ä–∏–µ–∑–∂–∞—Ç—å –ø–æ–∑–¥–Ω–æ –º–Ω–æ–≥–æ —á—Ç–æ –Ω–µ —É—Å–ø–µ–≤–∞—Ç—å —É—Å–ø–µ–≤–∞—Ç—å —Ç–æ–ª—å–∫–æ –ø–æ–µ—Å—Ç—å —Ä–µ–±–µ–Ω–æ–∫ 16 –≥–æ–¥ –ø–æ–∏–≥—Ä–∞—Ç—å –≤ –≤–∏—Ä—Ç—É–∞–ª—å–Ω—ã–π –∏–≥—Ä–∞ –∫–æ—Ç–æ—Ä—ã–π –≤ –æ—á–∫–∏ –∏ –æ—á–µ–Ω—å –¥–æ–ª–≥–æ –∑–∞–≤–∏—Å–∞—Ç—å –≤ —Ç–∏—Ä —Ü–µ–ª—å –±—ã—Ç—å –∞–∫—Ü–∏—è 1 + 1 –º—É–∂ —É—Å–ø–µ–≤–∞—Ç—å –ø–æ–≥—É–ª—è—Ç—å –ø–æ –æ–≥—Ä–æ–º–Ω—ã–π —Å—É–ø–µ—Ä–º–∞—Ä–∫–µ—Ç
20,"–û—Ç–ª–∏—á–Ω–æ–µ –º–µ—Å—Ç–æ –¥–ª—è –ø—Ä–∞–∑–¥–Ω–æ–≤–∞–Ω–∏—è –¥–Ω—è —Ä–æ–∂–¥–µ–Ω–∏—è –≤ –¥–æ–∂–¥–ª–∏–≤—ã–π –ª–µ—Ç–Ω–∏–π –¥–µ–Ω—å.  –ü–ª–∞–Ω –±—ã–ª —Ç–∞–∫–æ–π: 13.00 –ö–≤–µ—Å—Ç ¬´–ê—Ä–∫–∞–¥–∞¬ª (–¥–∏–Ω–∞–º–∏—á–Ω—ã–π), –±—Ä–æ–Ω–∏—Ä–æ–≤–∞—Ç—å –Ω–µ –Ω—É–∂–Ω–æ 14.00 –û–±–µ–¥ –≤ —Ä–µ—Å—Ç–æ—Ä–∞–Ω–µ –ï—Ä–µ–≤–∞–Ω, –±—Ä–æ–Ω–∏—Ä–æ–≤–∞–ª–∞ —Å—Ç–æ–ª–∏–∫ –∑–∞ 2 —á–∞—Å–∞ 16.30 –î–≤–∞ –∫–≤–µ—Å—Ç–∞ - –æ–¥–∏–Ω –¥–ª—è –¥–µ—Ç–µ–π, –≤—Ç–æ—Ä–æ–π –¥–ª—è —Ä–æ–¥–∏—Ç–µ–ª–µ–π –≤ ¬´–ö–ª–∞—É—Å—Ç—Ä–æ—Ñ–æ–±–∏–∏¬ª,</span><span>&hellip;",5,–û—Ç–ª–∏—á–Ω–æ–µ –º–µ—Å—Ç–æ –¥–ª—è –ø—Ä–∞–∑–¥–Ω–æ–≤–∞–Ω–∏—è –¥–Ω—è —Ä–æ–∂–¥–µ–Ω–∏—è –≤ –¥–æ–∂–¥–ª–∏–≤—ã–π –ª–µ—Ç–Ω–∏–π –¥–µ–Ω—å  –ü–ª–∞–Ω –±—ã–ª —Ç–∞–∫–æ–π: 13  00 –ö–≤–µ—Å—Ç ¬´–ê—Ä–∫–∞–¥–∞¬ª –¥–∏–Ω–∞–º–∏—á–Ω—ã–π –±—Ä–æ–Ω–∏—Ä–æ–≤–∞—Ç—å –Ω–µ –Ω—É–∂–Ω–æ 14  00 –û–±–µ–¥ –≤ —Ä–µ—Å—Ç–æ—Ä–∞–Ω–µ –ï—Ä–µ–≤–∞–Ω –±—Ä–æ–Ω–∏—Ä–æ–≤–∞–ª–∞ —Å—Ç–æ–ª–∏–∫ –∑–∞ 2 —á–∞—Å–∞ 16 ,–æ—Ç–ª–∏—á–Ω—ã–π –º–µ—Å—Ç–æ –¥–ª—è –ø—Ä–∞–∑–¥–Ω–æ–≤–∞–Ω–∏–µ –¥–µ–Ω—å —Ä–æ–∂–¥–µ–Ω–∏–µ –≤ –¥–æ–∂–¥–ª–∏–≤—ã–π –ª–µ—Ç–Ω–∏–π –¥–µ–Ω—å –ø–ª–∞–Ω –±—ã—Ç—å —Ç–∞–∫–æ–π : 13 00 –∫–≤–µ—Å—Ç ¬´ –∞—Ä–∫–∞–¥–∞ ¬ª –¥–∏–Ω–∞–º–∏—á–Ω—ã–π –±—Ä–æ–Ω–∏—Ä–æ–≤–∞—Ç—å –Ω–µ –Ω—É–∂–Ω–æ 14 00 –æ–±–µ–¥ –≤ —Ä–µ—Å—Ç–æ—Ä–∞–Ω –µ—Ä–µ–≤–∞–Ω –±—Ä–æ–Ω–∏—Ä–æ–≤–∞—Ç—å —Å—Ç–æ–ª–∏–∫ –∑–∞ 2 —á–∞—Å 16
21,–•–æ—Ä–æ—à–∏–π –º–∞–≥–∞–∑–∏–Ω –∑–Ω–∞–º–µ–Ω–∏—Ç–æ–π —Ç–æ—Ä–≥–æ–≤–æ–π –º–∞—Ä–∫–∏. –û—Ç–ª–∏—á–Ω–æ–µ –æ–±—Å–ª—É–∂–∏–≤–∞–Ω–∏–µ. –•–æ—Ä–æ—à–∏–π –≤—ã–±–æ—Ä. –ñ–µ–Ω–∞ –æ—Å—Ç–∞–ª–∞—Å—å –¥–æ–≤–æ–ª—å–Ω–∞ –ø–æ–∫—É–ø–∫–æ–π.,5,–•–æ—Ä–æ—à–∏–π –º–∞–≥–∞–∑–∏–Ω –∑–Ω–∞–º–µ–Ω–∏—Ç–æ–π —Ç–æ—Ä–≥–æ–≤–æ–π –º–∞—Ä–∫–∏  –û—Ç–ª–∏—á–Ω–æ–µ –æ–±—Å–ª—É–∂–∏–≤–∞–Ω–∏–µ  –•–æ—Ä–æ—à–∏–π –≤—ã–±–æ—Ä  –ñ–µ–Ω–∞ –æ—Å—Ç–∞–ª–∞—Å—å –¥–æ–≤–æ–ª—å–Ω–∞ –ø–æ–∫—É–ø–∫–æ–π  ,—Ö–æ—Ä–æ—à–∏–π –º–∞–≥–∞–∑–∏–Ω –∑–Ω–∞–º–µ–Ω–∏—Ç—ã–π —Ç–æ—Ä–≥–æ–≤—ã–π –º–∞—Ä–∫–∞ –æ—Ç–ª–∏—á–Ω—ã–π –æ–±—Å–ª—É–∂–∏–≤–∞–Ω–∏–µ —Ö–æ—Ä–æ—à–∏–π –≤—ã–±–æ—Ä –∂–µ–Ω–∞ –æ—Å—Ç–∞–≤–∞—Ç—å—Å—è –¥–æ–≤–æ–ª—å–Ω—ã–π –ø–æ–∫—É–ø–∫–∞
22,"–õ—É—á—à–∏–π –¢—Ü –≤ –ú–æ—Å–∫–≤–µ :) –æ—á–µ–Ω—å –º–Ω–æ–≥–æ –¥–µ—Ç—Å–∫–∏—Ö —Ä–∞–∑–≤–ª–µ—á–µ–Ω–∏–π, –Ω–∞ –ª—é–±–æ–π –≤–∫—É—Å, –∏–Ω—Ç–µ—Ä–µ—Å –∏ –≤–æ–∑—Ä–∞—Å—Ç. –í –±—É–¥–Ω–∏ –≤—Ö–æ–¥ –≤ –∏–≥—Ä–æ–≤—ã–µ –∫–æ–º–Ω–∞—Ç—ã –¥–µ—à–µ–≤–ª–µ !;)",5,–õ—É—á—à–∏–π –¢—Ü –≤ –ú–æ—Å–∫–≤–µ : –æ—á–µ–Ω—å –º–Ω–æ–≥–æ –¥–µ—Ç—Å–∫–∏—Ö —Ä–∞–∑–≤–ª–µ—á–µ–Ω–∏–π –Ω–∞ –ª—é–±–æ–π –≤–∫—É—Å –∏–Ω—Ç–µ—Ä–µ—Å –∏ –≤–æ–∑—Ä–∞—Å—Ç  –í –±—É–¥–Ω–∏ –≤—Ö–æ–¥ –≤ –∏–≥—Ä–æ–≤—ã–µ –∫–æ–º–Ω–∞—Ç—ã –¥–µ—à–µ–≤–ª–µ   ;,—Ö–æ—Ä–æ—à–∏–π —Ç—Ü –≤ –º–æ—Å–∫–≤–∞ : –æ—á–µ–Ω—å –º–Ω–æ–≥–æ –¥–µ—Ç—Å–∫–∏–π —Ä–∞–∑–≤–ª–µ—á–µ–Ω–∏–µ –Ω–∞ –ª—é–±–æ–π –≤–∫—É—Å –∏–Ω—Ç–µ—Ä–µ—Å –∏ –≤–æ–∑—Ä–∞—Å—Ç –≤ –±—É–¥–Ω–∏ –≤—Ö–æ–¥ –≤ –∏–≥—Ä–æ–≤–æ–π –∫–æ–º–Ω–∞—Ç–∞ –¥–µ—à–µ–≤–æ ;
23,"–ü—Ä–∏–µ—Ö–∞–ª–∏ –ø–æ—Å–º–æ—Ç—Ä–µ—Ç—å —Å–∞–º—ã–π –±–æ–ª—å—à–æ–π –∞–∫–≤–∞—Ä–∏—É–º, –Ω–æ –Ω–µ –≤–ø–µ—á–∞—Ç–ª–∏–ª–∏—Å—å. –í–∏–¥—ã –≤–µ—Ä—Ö–Ω–µ–π —á–∞—Å—Ç–∏ –ø–ª–æ—Ö–æ –¥–æ—Å—Ç—É–ø–Ω—ã, —Ç–∞–∫ –∫–∞–∫ –∑–∞–∫—Ä—ã—Ç—ã –±–æ–ª—å—à–∏–º–∏ –∫—É–±–∏—á–µ—Å–∫–∏–º–∏ —Ä–µ–∫–ª–∞–º–Ω—ã–∏–∏ –±–ª–æ–∫–∞–º–∏.  –ß—Ç–æ –∂–µ –∫–∞—Å–∞–µ—Ç—Å—è —Ç–æ—Ä–≥–æ–≤–æ–≥–æ —Ü–µ–Ω—Ç—Ä–∞, —Ç–æ –æ–Ω —Ö–æ—Ä–æ—à. –¢—É–ø–ª–µ—Ç—ã —á–∏—Å—Ç—ã–µ, –ø—Ä–∞–≤–¥–∞ –±—É–º–∞–≥–∞ –ø–æ –∫–∞—á–µ—Å—Ç–≤—É –Ω–∏–∂–µ –ø–ª–∏–Ω—Ç—É—Å–∞,  —Ä–µ–±—ë–Ω–∫—É —Ç–æ—á–Ω–æ –Ω–µ</span><span>&hellip;",5,–ü—Ä–∏–µ—Ö–∞–ª–∏ –ø–æ—Å–º–æ—Ç—Ä–µ—Ç—å —Å–∞–º—ã–π –±–æ–ª—å—à–æ–π –∞–∫–≤–∞—Ä–∏—É–º –Ω–æ –Ω–µ –≤–ø–µ—á–∞—Ç–ª–∏–ª–∏—Å—å  –í–∏–¥—ã –≤–µ—Ä—Ö–Ω–µ–π —á–∞—Å—Ç–∏ –ø–ª–æ—Ö–æ –¥–æ—Å—Ç—É–ø–Ω—ã —Ç–∞–∫ –∫–∞–∫ –∑–∞–∫—Ä—ã—Ç—ã –±–æ–ª—å—à–∏–º–∏ –∫—É–±–∏—á–µ—Å–∫–∏–º–∏ —Ä–µ–∫–ª–∞–º–Ω—ã–∏–∏ –±–ª–æ–∫–∞–º–∏  –ß—Ç–æ –∂–µ –∫–∞—Å–∞–µ—Ç—Å—è —Ç–æ—Ä–≥–æ–≤–æ–≥–æ —Ü–µ–Ω—Ç—Ä–∞ —Ç–æ –æ–Ω —Ö–æ—Ä–æ—à ,–ø—Ä–∏–µ–∑–∂–∞—Ç—å –ø–æ—Å–º–æ—Ç—Ä–µ—Ç—å —Å–∞–º—ã–π –±–æ–ª—å—à–æ–π –∞–∫–≤–∞—Ä–∏—É–º –Ω–æ –Ω–µ –≤–ø–µ—á–∞—Ç–ª–∏—Ç—å—Å—è –≤–∏–¥ –≤–µ—Ä—Ö–Ω–∏–π —á–∞—Å—Ç—å –ø–ª–æ—Ö–æ –¥–æ—Å—Ç—É–ø–Ω—ã–π —Ç–∞–∫ –∫–∞–∫ –∑–∞–∫—Ä—ã–≤–∞—Ç—å –±–æ–ª—å—à–æ–π –∫—É–±–∏—á–µ—Å–∫–∏–π —Ä–µ–∫–ª–∞–º–Ω—ã–∏–∏ –±–ª–æ–∫ —á—Ç–æ –∂–µ –∫–∞—Å–∞—Ç—å—Å—è —Ç–æ—Ä–≥–æ–≤—ã–π —Ü–µ–Ω—Ç—Ä —Ç–æ –æ–Ω —Ö–æ—Ä–æ—à–∏–π
24,"–°–ª—É—á–∞–π–Ω–æ –ø–æ–ø–∞–ª–∏ –≤ —Ç–æ—Ä–≥–æ–≤—ã–π —Ü–µ–Ω—Ç—Ä –∏ –±—ã–ª–∏ –ø—Ä–∏—è—Ç–Ω–æ —É–¥–∏–≤–ª–µ–Ω—ã. –û—á–µ–Ω—å –∫—Ä–∞—Å–∏–≤—ã–π, —Å–æ–≤—Ä–µ–º–µ–Ω–Ω—ã–π, –≤ —Ü–µ–Ω—Ç—Ä–µ –æ–≥—Ä–æ–º–Ω—ã–π –∞–∫–≤–∞—Ä–∏—É–º –≤—ã—Å–æ—Ç–æ–π –≤ –ø—è—Ç—å —ç—Ç–∞–∂–µ–π —Å —ç–∫–∑–æ—Ç–∏—á–µ—Å–∫–∏–º–∏ —Ä—ã–±–∫–∞–º–∏. –ü–æ –≤—Å–µ–º—É —Ç–æ—Ä–≥–æ–≤–æ–º—É —Ü–µ–Ω—Ç—Ä—É *–ª–µ—Ç–∞—é—Ç* –≤ –≤–æ–∑–¥—É—Ö–µ –æ—Ä–∏–≥–∏–Ω–∞–ª—å–Ω—ã–µ –ø–æ—Ä–æ—Å—è—Ç–∞ (–Ω–∞–≤–µ—Ä–Ω–æ –≤ —á–µ—Å—Ç—å –≥–æ–¥–∞ —Å–≤–∏–Ω—å–∏).   –ú–Ω–æ–≥–æ –º–∞–≥–∞–∑–∏–Ω–æ–≤ –∏</span><span>&hellip;",5,–°–ª—É—á–∞–π–Ω–æ –ø–æ–ø–∞–ª–∏ –≤ —Ç–æ—Ä–≥–æ–≤—ã–π —Ü–µ–Ω—Ç—Ä –∏ –±—ã–ª–∏ –ø—Ä–∏—è—Ç–Ω–æ —É–¥–∏–≤–ª–µ–Ω—ã  –û—á–µ–Ω—å –∫—Ä–∞—Å–∏–≤—ã–π —Å–æ–≤—Ä–µ–º–µ–Ω–Ω—ã–π –≤ —Ü–µ–Ω—Ç—Ä–µ –æ–≥—Ä–æ–º–Ω—ã–π –∞–∫–≤–∞—Ä–∏—É–º –≤—ã—Å–æ—Ç–æ–π –≤ –ø—è—Ç—å —ç—Ç–∞–∂–µ–π —Å —ç–∫–∑–æ—Ç–∏—á–µ—Å–∫–∏–º–∏ —Ä—ã–±–∫–∞–º–∏  –ü–æ –≤—Å–µ–º—É —Ç–æ—Ä–≥–æ–≤–æ–º—É —Ü–µ–Ω—Ç—Ä—É *–ª–µ—Ç–∞—é—Ç* –≤ –≤–æ–∑–¥—É—Ö–µ –æ—Ä–∏–≥–∏–Ω–∞–ª—å–Ω—ã–µ –ø–æ—Ä–æ—Å—è—Ç–∞ –Ω–∞–≤–µ—Ä–Ω–æ –≤ —á–µ—Å—Ç—å –≥–æ–¥–∞ —Å–≤–∏–Ω—å–∏ ,—Å–ª—É—á–∞–π–Ω–æ –ø–æ–ø–∞–¥–∞—Ç—å –≤ —Ç–æ—Ä–≥–æ–≤—ã–π —Ü–µ–Ω—Ç—Ä –∏ –±—ã—Ç—å –ø—Ä–∏—è—Ç–Ω–æ —É–¥–∏–≤–ª—è—Ç—å –æ—á–µ–Ω—å –∫—Ä–∞—Å–∏–≤—ã–π —Å–æ–≤—Ä–µ–º–µ–Ω–Ω—ã–π –≤ —Ü–µ–Ω—Ç—Ä –æ–≥—Ä–æ–º–Ω—ã–π –∞–∫–≤–∞—Ä–∏—É–º –≤—ã—Å–æ—Ç–∞ –≤ –ø—è—Ç—å —ç—Ç–∞–∂ —Å —ç–∫–∑–æ—Ç–∏—á–µ—Å–∫–∏–π —Ä—ã–±–∫–∞ –ø–æ –≤–µ—Å—å —Ç–æ—Ä–≥–æ–≤—ã–π —Ü–µ–Ω—Ç—Ä * –ª–µ—Ç–∞—Ç—å * –≤ –≤–æ–∑–¥—É—Ö –æ—Ä–∏–≥–∏–Ω–∞–ª—å–Ω—ã–π –ø–æ—Ä–æ—Å–µ–Ω–æ–∫ –Ω–∞–≤–µ—Ä–Ω–æ –≤ —á–µ—Å—Ç—å –≥–æ–¥ —Å–≤–∏–Ω—å—è
25,–ù–æ–≤—ã–π —Å–∞–º—ã–π –±–æ–ª—å—à–æ–π –ø–æ –ø–ª–æ—â–∞–¥–∏ –≤ –≤–æ—Å—Ç–æ—á–Ω–æ–π –ï–≤—Ä–æ–ø–µ —Ç–æ—Ä–≥–æ–≤—ã–π —Ü–µ–Ω—Ç—Ä.–ø–æ—Å–µ—Ä–µ–¥–∏–Ω–µ –Ω–∞ –≤—Å–µ 4 —ç—Ç–∞–∂–∞ –æ–≥—Ä–æ–º–Ω—ã–π –∞–∫–≤–∞—Ä–∏—É–º —Å —Ä—ã–±–∫–∞–º–∏ .–≤–ø–µ—á–∞—Ç–ª—è–µ—Ç.—Å—Ç–µ–∫–ª—è–Ω–Ω—ã–µ –ª–∏—Ñ—Ç—ã —Å–Ω–∞—á–∞–ª–∞ –∑–∞—Ö–æ–¥–∏—Ç—å –±—ã–ª–æ —Å—Ç—Ä–∞—à–Ω–æ –Ω–æ –∑–∞—à–ª–∞ –∏ —Ç–∞–∫ –∑–¥–æ—Ä–æ–≤–æ.—Ç–æ–∂–µ –≤–ø–µ—á–∞—Ç–ª—è–µ—Ç.–Ω–∞ —ç—Ç–∞–∂–∞—Ö –º–µ–∂–¥—É –ø—Ä–∞–≤–æ–π –∏ –ª–µ–≤–æ–π —Å—Ç–µ–Ω–æ–π –ø–æ–¥–≤–µ—Å–Ω—ã–µ –ª–µ—Å—Ç–Ω–∏—Ü—ã –∏–¥—ë—à—å</span><span>&hellip;,5,–ù–æ–≤—ã–π —Å–∞–º—ã–π –±–æ–ª—å—à–æ–π –ø–æ –ø–ª–æ—â–∞–¥–∏ –≤ –≤–æ—Å—Ç–æ—á–Ω–æ–π –ï–≤—Ä–æ–ø–µ —Ç–æ—Ä–≥–æ–≤—ã–π —Ü–µ–Ω—Ç—Ä  –ø–æ—Å–µ—Ä–µ–¥–∏–Ω–µ –Ω–∞ –≤—Å–µ 4 —ç—Ç–∞–∂–∞ –æ–≥—Ä–æ–º–Ω—ã–π –∞–∫–≤–∞—Ä–∏—É–º —Å —Ä—ã–±–∫–∞–º–∏   –≤–ø–µ—á–∞—Ç–ª—è–µ—Ç  —Å—Ç–µ–∫–ª—è–Ω–Ω—ã–µ –ª–∏—Ñ—Ç—ã —Å–Ω–∞—á–∞–ª–∞ –∑–∞—Ö–æ–¥–∏—Ç—å –±—ã–ª–æ —Å—Ç—Ä–∞—à–Ω–æ –Ω–æ –∑–∞—à–ª–∞ –∏ —Ç–∞–∫ –∑–¥–æ—Ä–æ–≤–æ  —Ç–æ–∂–µ –≤–ø–µ—á–∞—Ç–ª—è–µ—Ç ,–Ω–æ–≤—ã–π —Å–∞–º—ã–π –±–æ–ª—å—à–æ–π –ø–æ –ø–ª–æ—â–∞–¥—å –≤ –≤–æ—Å—Ç–æ—á–Ω—ã–π –µ–≤—Ä–æ–ø–∞ —Ç–æ—Ä–≥–æ–≤—ã–π —Ü–µ–Ω—Ç—Ä –ø–æ—Å–µ—Ä–µ–¥–∏–Ω–µ –Ω–∞ –≤–µ—Å—å 4 —ç—Ç–∞–∂ –æ–≥—Ä–æ–º–Ω—ã–π –∞–∫–≤–∞—Ä–∏—É–º —Å —Ä—ã–±–∫–∞ –≤–ø–µ—á–∞—Ç–ª—è—Ç—å —Å—Ç–µ–∫–ª—è–Ω–Ω—ã–π –ª–∏—Ñ—Ç —Å–Ω–∞—á–∞–ª–∞ –∑–∞—Ö–æ–¥–∏—Ç—å –±—ã—Ç—å —Å—Ç—Ä–∞—à–Ω–æ –Ω–æ –∑–∞–π—Ç–∏ –∏ —Ç–∞–∫ –∑–¥–æ—Ä–æ–≤–æ —Ç–æ–∂–µ –≤–ø–µ—á–∞—Ç–ª—è—Ç—å
26,–ê–∫–≤–∞–ø–∞—Ä–∫ –æ—á–µ–Ω—å –ø–æ–Ω—Ä–∞–≤–∏–ª—Å—è —Å–≤–æ–∏–º —Ä–∞–∑–º–∞—Ö–æ–º –∏ —Ä–∞–∑–ª–∏—á–Ω—ã–º–∏ –∞—Ç—Ä–∞–∫—Ü–∏–æ–Ω–∞–º–∏. –ó–¥–µ—Å—å –ø—Ä–∏—è—Ç–Ω–æ –ø—Ä–æ–≤–µ—Å—Ç–∏ –≤—ã—Ö–æ–¥–Ω—ã–µ –≤ –∫—Ä—É–≥—É —Å–≤–æ–µ–π —Å–µ–º—å–∏ —Å –ª—é–±–∏–º–æ–π –∂–µ–Ω–æ–π –∏ –¥–µ—Ç—å–º–∏.,5,–ê–∫–≤–∞–ø–∞—Ä–∫ –æ—á–µ–Ω—å –ø–æ–Ω—Ä–∞–≤–∏–ª—Å—è —Å–≤–æ–∏–º —Ä–∞–∑–º–∞—Ö–æ–º –∏ —Ä–∞–∑–ª–∏—á–Ω—ã–º–∏ –∞—Ç—Ä–∞–∫—Ü–∏–æ–Ω–∞–º–∏  –ó–¥–µ—Å—å –ø—Ä–∏—è—Ç–Ω–æ –ø—Ä–æ–≤–µ—Å—Ç–∏ –≤—ã—Ö–æ–¥–Ω—ã–µ –≤ –∫—Ä—É–≥—É —Å–≤–æ–µ–π —Å–µ–º—å–∏ —Å –ª—é–±–∏–º–æ–π –∂–µ–Ω–æ–π –∏ –¥–µ—Ç—å–º–∏  ,–∞–∫–≤–∞–ø–∞—Ä–∫ –æ—á–µ–Ω—å –ø–æ–Ω—Ä–∞–≤–∏—Ç—å—Å—è —Å–≤–æ–π —Ä–∞–∑–º–∞—Ö –∏ —Ä–∞–∑–ª–∏—á–Ω—ã–π –∞—Ç—Ä–∞–∫—Ü–∏–æ–Ω –∑–¥–µ—Å—å –ø—Ä–∏—è—Ç–Ω–æ –ø—Ä–æ–≤–æ–¥–∏—Ç—å –≤—ã—Ö–æ–¥–Ω–æ–π –≤ –∫—Ä—É–≥ —Å–≤–æ–π —Å–µ–º—å—è —Å –ª—é–±–∏–º—ã–π –∂–µ–Ω–∞ –∏ —Ä–µ–±–µ–Ω–æ–∫
27,"–û—á–µ–Ω—å —Ö–æ—Ä–æ—à–∏–π —Ç–æ—Ä–≥–æ–≤—ã–π —Ü–µ–Ω—Ç—Ä, –º–Ω–æ–≥–æ –º–∞–≥–∞–∑–∏–Ω–æ–≤, –Ω–∞—Ö–æ–¥–∏—Ç—Å—è –≤ –¥–≤—É—Ö —à–∞–≥–∞—Ö –æ—Ç –º–µ—Ç—Ä–æ –¶–°–ö–ê. –ö—Å—Ç–∞—Ç–∏, –æ—á–µ–Ω—å –∫—Ä–∞—Å–∏–≤—ã–π –∞–∫–≤–∞—Ä–∏—É–º:)",5,–û—á–µ–Ω—å —Ö–æ—Ä–æ—à–∏–π —Ç–æ—Ä–≥–æ–≤—ã–π —Ü–µ–Ω—Ç—Ä –º–Ω–æ–≥–æ –º–∞–≥–∞–∑–∏–Ω–æ–≤ –Ω–∞—Ö–æ–¥–∏—Ç—Å—è –≤ –¥–≤—É—Ö —à–∞–≥–∞—Ö –æ—Ç –º–µ—Ç—Ä–æ –¶–°–ö–ê  –ö—Å—Ç–∞—Ç–∏ –æ—á–µ–Ω—å –∫—Ä–∞—Å–∏–≤—ã–π –∞–∫–≤–∞—Ä–∏—É–º:,–æ—á–µ–Ω—å —Ö–æ—Ä–æ—à–∏–π —Ç–æ—Ä–≥–æ–≤—ã–π —Ü–µ–Ω—Ç—Ä –º–Ω–æ–≥–æ –º–∞–≥–∞–∑–∏–Ω –Ω–∞—Ö–æ–¥–∏—Ç—å—Å—è –≤ –¥–≤–∞ —à–∞–≥ –æ—Ç –º–µ—Ç—Ä–æ —Ü—Å–∫–∞ –∫—Å—Ç–∞—Ç–∏ –æ—á–µ–Ω—å –∫—Ä–∞—Å–∏–≤—ã–π –∞–∫–≤–∞—Ä–∏—É–º :
28,–ö–æ—Ä–æ—á–µ –ø–æ–µ—Ö–∞–ª–∏ –º—ã –Ω–∞ –º–µ—Ç—Ä–æ. –°–∞–º–æ —Å—Ç–∞–Ω—Ü–∏—è –≥–æ–≤–æ—Ä–∏—Ç –æ –º–Ω–æ–≥–æ–º.–°—Ç–∞–Ω—Ü–∏—è –º–µ—Ç—Ä–æ –¶–°–ö–∞ —Ç–∞–∫ –∫–∞ –Ω–µ–¥–∞–≤–Ω–æ –ß–ú 2018 —Å–æ—Å—Ç–æ—è–ª–æ—Å—å –≤–æ—Ç –ø–æ—ç—Ç–æ–º—É –Ω–æ–≤—É—é —Å—Ç–∞–Ω—Ü–∏—é –∫—Ä–∞—Å–∏–≤—É—é –ø–æ—Å—Ç—Ä–æ–∏–ª–∏. –û—Ç —Å—Ç–∞–Ω—Ü–∏–∏ 2 –º–∏–Ω. –û–≥—Ä–æ–æ–º–Ω—ã–π –∫—Ä–∞—Å–∏–≤—ã–π. –ú–Ω–æ–≥–æ –≤—Ö–æ–¥–æ–≤ –∏ –¥–∞–∂–µ –º–æ–∂–Ω–æ —Å—Ä–∞–∑—É –≤ –ê—à–∞–Ω –æ—Ç —Ç—É–¥–∞. –ü—Ä–∏ –≤—Ö–æ–¥–µ –º–æ–∂–Ω–æ –æ—Å—Ç–∞–≤–∏—Ç—å –≤–µ—â–∏ –≤</span><span>&hellip;,5,–ö–æ—Ä–æ—á–µ –ø–æ–µ—Ö–∞–ª–∏ –º—ã –Ω–∞ –º–µ—Ç—Ä–æ  –°–∞–º–æ —Å—Ç–∞–Ω—Ü–∏—è –≥–æ–≤–æ—Ä–∏—Ç –æ –º–Ω–æ–≥–æ–º  –°—Ç–∞–Ω—Ü–∏—è –º–µ—Ç—Ä–æ –¶–°–ö–∞ —Ç–∞–∫ –∫–∞ –Ω–µ–¥–∞–≤–Ω–æ –ß–ú 2018 —Å–æ—Å—Ç–æ—è–ª–æ—Å—å –≤–æ—Ç –ø–æ—ç—Ç–æ–º—É –Ω–æ–≤—É—é —Å—Ç–∞–Ω—Ü–∏—é –∫—Ä–∞—Å–∏–≤—É—é –ø–æ—Å—Ç—Ä–æ–∏–ª–∏  –û—Ç —Å—Ç–∞–Ω—Ü–∏–∏ 2 –º–∏–Ω  –û–≥—Ä–æ–æ–º–Ω—ã–π –∫—Ä–∞—Å–∏–≤—ã–π  –ú–Ω–æ–≥–æ –≤—Ö–æ–¥–æ–≤ –∏ –¥–∞–∂–µ –º–æ–∂–Ω–æ —Å—Ä–∞–∑—É –≤ –ê—à–∞–Ω –æ—Ç —Ç—É–¥–∞ ,–∫–æ—Ä–æ—á–µ –ø–æ–µ—Ö–∞—Ç—å –º—ã –Ω–∞ –º–µ—Ç—Ä–æ —Å–∞–º —Å—Ç–∞–Ω—Ü–∏—è –≥–æ–≤–æ—Ä–∏—Ç—å –æ –º–Ω–æ–≥–æ–µ —Å—Ç–∞–Ω—Ü–∏—è –º–µ—Ç—Ä–æ —Ü—Å–∫–∞ —Ç–∞–∫ –∫–∞ –Ω–µ–¥–∞–≤–Ω–æ –ß–ú 2018 —Å–æ—Å—Ç–æ—è—Ç—å—Å—è –≤–æ—Ç –ø–æ—ç—Ç–æ–º—É –Ω–æ–≤—ã–π —Å—Ç–∞–Ω—Ü–∏—è –∫—Ä–∞—Å–∏–≤—ã–π –ø–æ—Å—Ç—Ä–æ–∏—Ç—å –æ—Ç —Å—Ç–∞–Ω—Ü–∏—è 2 –º–∏–Ω–∞ –æ–≥—Ä–æ–æ–º–Ω—ã–π –∫—Ä–∞—Å–∏–≤—ã–π –º–Ω–æ–≥–æ –≤—Ö–æ–¥ –∏ –¥–∞–∂–µ –º–æ–∂–Ω–æ —Å—Ä–∞–∑—É –≤ –∞—à–∞–Ω –æ—Ç —Ç—É–¥–∞
29,"–ï—Å—Ç—å –∞–±—Å–æ–ª—é—Ç–Ω–æ –≤—Å–µ, –º–æ–∂–Ω–æ –ø—Ä–∏—Ö–æ–¥–∏—Ç—å –Ω–∞ —Ü–µ–ª—ã–π –≤—ã—Ö–æ–¥–Ω–æ–π –≤—Å–µ–π —Å–µ–º—å–µ–π –∏ –Ω–µ –±—É–¥–µ—Ç–µ —Ä–∞–∑–æ—á–∞—Ä–æ–≤–∞–Ω—ã. –ú–æ–∂–Ω–æ –∏ —Å–ø–æ—Ä—Ç–æ–º –ø–æ–∑–∞–Ω–∏–º–∞—Ç—å—Å—è –∏ –ø–æ–µ—Å—Ç—å –∏ –ø–æ –º–∞–≥–∞–∑–∏–Ω–∞–º –ø–æ—Ö–æ–¥–∏—Ç—å, –∞ —É–∂ —Ä–∞–∑–≤–ª–µ—á–µ–Ω–∏–π —Ç—å–º–∞)))",5,–ï—Å—Ç—å –∞–±—Å–æ–ª—é—Ç–Ω–æ –≤—Å–µ –º–æ–∂–Ω–æ –ø—Ä–∏—Ö–æ–¥–∏—Ç—å –Ω–∞ —Ü–µ–ª—ã–π –≤—ã—Ö–æ–¥–Ω–æ–π –≤—Å–µ–π —Å–µ–º—å–µ–π –∏ –Ω–µ –±—É–¥–µ—Ç–µ —Ä–∞–∑–æ—á–∞—Ä–æ–≤–∞–Ω—ã  –ú–æ–∂–Ω–æ –∏ —Å–ø–æ—Ä—Ç–æ–º –ø–æ–∑–∞–Ω–∏–º–∞—Ç—å—Å—è –∏ –ø–æ–µ—Å—Ç—å –∏ –ø–æ –º–∞–≥–∞–∑–∏–Ω–∞–º –ø–æ—Ö–æ–¥–∏—Ç—å –∞ —É–∂ —Ä–∞–∑–≤–ª–µ—á–µ–Ω–∏–π —Ç—å–º–∞,–±—ã—Ç—å –∞–±—Å–æ–ª—é—Ç–Ω–æ –≤—Å–µ –º–æ–∂–Ω–æ –ø—Ä–∏—Ö–æ–¥–∏—Ç—å –Ω–∞ —Ü–µ–ª—ã–π –≤—ã—Ö–æ–¥–Ω–æ–π –≤–µ—Å—å —Å–µ–º—å—è –∏ –Ω–µ –±—ã—Ç—å —Ä–∞–∑–æ—á–∞—Ä–æ–≤—ã–≤–∞—Ç—å –º–æ–∂–Ω–æ –∏ —Å–ø–æ—Ä—Ç –ø–æ–∑–∞–Ω–∏–º–∞—Ç—å—Å—è –∏ –ø–æ–µ—Å—Ç—å –∏ –ø–æ –º–∞–≥–∞–∑–∏–Ω –ø–æ—Ö–æ–¥–∏—Ç—å –∞ —É–∂ —Ä–∞–∑–≤–ª–µ—á–µ–Ω–∏–µ —Ç—å–º–∞
30,"–ï—Å—Ç—å –≤—Å–µ –∏ –≤—Å—è, –¥–∞ –µ—â—ë –∏ —Ü—Å–∫–∞ —Å—Ç–∞–Ω—Ü–∏—é –º–µ—Ç—Ä–æ –≤ 2—Ö –º–∏–Ω—É—Ç–∞—Ö —Ö–æ–¥—å–±—ã. –ë—ã–≤–∞–µ—Ç –ª—é–¥–Ω–æ –≤ –≤—ã—Ö–æ–¥–Ω—ã–µ, –Ω–æ —ç—Ç–æ —Å–∏–ª—å–Ω–æ –Ω–µ —Å–∫–∞–∑—ã–≤–∞–µ—Ç—Å—è –Ω–∞ –í–∞—Å, –æ—á–µ—Ä–µ–¥–µ–π –≤ –ø–æ–∏–º–µ—Ä–æ—á–Ω—É—é, –∫–∞–∫ –Ω–∞–ø—Ä–∏–º–µ—Ä –≤ –µ–≤—Ä–æ–ø–µ–π—Å–∫–æ–º –Ω–µ—Ç. –ü–µ—Ä–≤–æ–µ –≤—Ä–µ–º—è —Ç–µ—Ä—è–µ—à—å—Å—è, –Ω–æ —Å–æ –≤—Ç–æ—Ä–æ–≥–æ –ø–æ—Å–µ—â–µ–Ω–∏—è –Ω–∞—á–∏–Ω–∞–µ—à—å –Ω–æ—Ä–º–∞–ª—å–Ω–æ –æ—Ä–∏–µ–Ω—Ç–∏—Ä–æ–≤–∞—Ç—å—Å—è. ",5,–ï—Å—Ç—å –≤—Å–µ –∏ –≤—Å—è –¥–∞ –µ—â—ë –∏ —Ü—Å–∫–∞ —Å—Ç–∞–Ω—Ü–∏—é –º–µ—Ç—Ä–æ –≤ 2—Ö –º–∏–Ω—É—Ç–∞—Ö —Ö–æ–¥—å–±—ã  –ë—ã–≤–∞–µ—Ç –ª—é–¥–Ω–æ –≤ –≤—ã—Ö–æ–¥–Ω—ã–µ –Ω–æ —ç—Ç–æ —Å–∏–ª—å–Ω–æ –Ω–µ —Å–∫–∞–∑—ã–≤–∞–µ—Ç—Å—è –Ω–∞ –í–∞—Å –æ—á–µ—Ä–µ–¥–µ–π –≤ –ø–æ–∏–º–µ—Ä–æ—á–Ω—É—é –∫–∞–∫ –Ω–∞–ø—Ä–∏–º–µ—Ä –≤ –µ–≤—Ä–æ–ø–µ–π—Å–∫–æ–º –Ω–µ—Ç  –ü–µ—Ä–≤–æ–µ –≤—Ä–µ–º—è —Ç–µ—Ä—è–µ—à—å—Å—è –Ω–æ —Å–æ –≤—Ç–æ—Ä–æ–≥–æ –ø–æ—Å–µ—â–µ–Ω–∏—è –Ω–∞—á–∏–Ω–∞–µ—à—å –Ω–æ—Ä–º–∞–ª—å–Ω–æ –æ—Ä–∏–µ–Ω—Ç–∏—Ä–æ–≤–∞—Ç—å—Å—è  ,–±—ã—Ç—å –≤—Å–µ –∏ –≤–µ—Å—å –¥–∞ –µ—â–µ –∏ —Ü—Å–∫–∞ —Å—Ç–∞–Ω—Ü–∏—è –º–µ—Ç—Ä–æ –≤ 2—Ö –º–∏–Ω—É—Ç–∞ —Ö–æ–¥—å–±–∞ –±—ã–≤–∞—Ç—å –ª—é–¥–Ω–æ –≤ –≤—ã—Ö–æ–¥–Ω–æ–π –Ω–æ —ç—Ç–æ —Å–∏–ª—å–Ω–æ –Ω–µ —Å–∫–∞–∑—ã–≤–∞—Ç—å—Å—è –Ω–∞ –≤—ã –æ—á–µ—Ä–µ–¥—å –≤ –ø–æ–∏–º–µ—Ä–æ—á–Ω—ã–π –∫–∞–∫ –Ω–∞–ø—Ä–∏–º–µ—Ä –≤ –µ–≤—Ä–æ–ø–µ–π—Å–∫–∏–π –Ω–µ—Ç –ø–µ—Ä–≤—ã–π –≤—Ä–µ–º—è —Ç–µ—Ä—è—Ç—å—Å—è –Ω–æ —Å–æ –≤—Ç–æ—Ä–æ–π –ø–æ—Å–µ—â–µ–Ω–∏–µ –Ω–∞—á–∏–Ω–∞—Ç—å –Ω–æ—Ä–º–∞–ª—å–Ω–æ –æ—Ä–∏–µ–Ω—Ç–∏—Ä–æ–≤–∞—Ç—å—Å—è
31,–û—Ç–ª–∏—á–Ω—ã–π —Ç–æ—Ä–≥–æ–≤—ã–π —Ü–µ–Ω—Ç—Ä –¥–ª—è –≤—Å—Ç—Ä–µ—á–∏ —Å –¥—Ä—É–∑—å—è–º–∏. –ü–æ–º–∏–º–æ –≤—Å–µ—Ö –ø–æ–ø—É–ª—è—Ä–Ω—ã—Ö –º–∞–≥–∞–∑–∏–Ω–æ–≤ –≤ –ø–∞—Ä–∫–µ –µ—Å—Ç—å –æ—Ç–ª–∏—á–Ω—ã–π –∫–∏–Ω–æ—Ç–µ–∞—Ç—Ä –∏ –∫–∞—Ç–æ–∫ —Å –∏—Å–∫—É—Å—Å—Ç–≤–µ–Ω–Ω—ã–º –ª—å–¥–æ–º. –¢–µ—Ä—Ä–∏—Ç–æ—Ä–∏—è —Ç–æ—Ä–≥–æ–≤–æ–≥–æ —Ü–µ–Ω—Ç—Ä–∞ –æ–≥—Ä–æ–º–Ω–∞—è. –î–ª—è –¥–µ—Ç–µ–π –∑–¥–µ—Å—å —Ä–∞–πüëç,5,–û—Ç–ª–∏—á–Ω—ã–π —Ç–æ—Ä–≥–æ–≤—ã–π —Ü–µ–Ω—Ç—Ä –¥–ª—è –≤—Å—Ç—Ä–µ—á–∏ —Å –¥—Ä—É–∑—å—è–º–∏  –ü–æ–º–∏–º–æ –≤—Å–µ—Ö –ø–æ–ø—É–ª—è—Ä–Ω—ã—Ö –º–∞–≥–∞–∑–∏–Ω–æ–≤ –≤ –ø–∞—Ä–∫–µ –µ—Å—Ç—å –æ—Ç–ª–∏—á–Ω—ã–π –∫–∏–Ω–æ—Ç–µ–∞—Ç—Ä –∏ –∫–∞—Ç–æ–∫ —Å –∏—Å–∫—É—Å—Å—Ç–≤–µ–Ω–Ω—ã–º –ª—å–¥–æ–º  –¢–µ—Ä—Ä–∏—Ç–æ—Ä–∏—è —Ç–æ—Ä–≥–æ–≤–æ–≥–æ —Ü–µ–Ω—Ç—Ä–∞ –æ–≥—Ä–æ–º–Ω–∞—è  –î–ª—è –¥–µ—Ç–µ–π –∑–¥–µ—Å—å —Ä–∞–πüëç,–æ—Ç–ª–∏—á–Ω—ã–π —Ç–æ—Ä–≥–æ–≤—ã–π —Ü–µ–Ω—Ç—Ä –¥–ª—è –≤—Å—Ç—Ä–µ—á–∞ —Å –¥—Ä—É–≥ –ø–æ–º–∏–º–æ –≤–µ—Å—å –ø–æ–ø—É–ª—è—Ä–Ω—ã–π –º–∞–≥–∞–∑–∏–Ω –≤ –ø–∞—Ä–∫ –±—ã—Ç—å –æ—Ç–ª–∏—á–Ω—ã–π –∫–∏–Ω–æ—Ç–µ–∞—Ç—Ä –∏ –∫–∞—Ç–æ–∫ —Å –∏—Å–∫—É—Å—Å—Ç–≤–µ–Ω–Ω—ã–π –ª–µ–¥ —Ç–µ—Ä—Ä–∏—Ç–æ—Ä–∏—è —Ç–æ—Ä–≥–æ–≤—ã–π —Ü–µ–Ω—Ç—Ä –æ–≥—Ä–æ–º–Ω—ã–π –¥–ª—è —Ä–µ–±–µ–Ω–æ–∫ –∑–¥–µ—Å—å —Ä–∞–π üëç
32,"–•–æ–∂—É —Å—é–¥–∞ —á–∞—Å—Ç–æ, —Ç–∞–∫ –∫–∞–∫ –≤—Å–µ –≤ –æ–¥–Ω–æ–º –º–µ—Å—Ç–µ. –ü—Ä–∞–≤–¥–∞, –º–µ—Å—Ç–æ —Å—É–ø–µ—Ä–¥–ª–∏–Ω–Ω–æ–µ, —á—Ç–æ–±—ã –≤—Å–µ —É–º–µ—Å—Ç–∏—Ç—å. –§—É–¥–∫–æ—Ä—Ç —Ä–∞—Å—à–∏—Ä–∏–ª—Å—è –±–æ–ª–µ–µ –≤—ã—Å–æ–∫–æ–π –∫—É—Ö–Ω–µ–π, –æ—Å–æ–±–µ–Ω–Ω–æ –∞–∑–∏–∞—Ç—Å–∫–∏–µ –±–ª—é–¥–∞ –º–Ω–µ –Ω—Ä–∞–≤—è—Ç—Å—è –∑–¥–µ—Å—å: –ø–æ—Ä—Ü–∏–∏ –æ–≥—Ä–æ–º–Ω–µ–π—à–∏–µ, –≤—ã–±–æ—Ä –¥–æ—Å—Ç–æ–π–Ω—ã–π, —Ü–µ–Ω—ã - —á—É—Ç—å –≤—ã—à–µ, —á–µ–º –Ω–∞–µ—Å—Ç—å—Å—è –≤ –º–∞–∫–¥–∞–∫–µ, –∑–∞—Ç–æ –∂–∏—Ç—å –ø–æ—Å–ª–µ —ç—Ç–æ–π</span><span>&hellip;",5,–•–æ–∂—É —Å—é–¥–∞ —á–∞—Å—Ç–æ —Ç–∞–∫ –∫–∞–∫ –≤—Å–µ –≤ –æ–¥–Ω–æ–º –º–µ—Å—Ç–µ  –ü—Ä–∞–≤–¥–∞ –º–µ—Å—Ç–æ —Å—É–ø–µ—Ä–¥–ª–∏–Ω–Ω–æ–µ —á—Ç–æ–±—ã –≤—Å–µ —É–º–µ—Å—Ç–∏—Ç—å ,—Ö–æ–¥–∏—Ç—å —Å—é–¥–∞ —á–∞—Å—Ç–æ —Ç–∞–∫ –∫–∞–∫ –≤—Å–µ –≤ –æ–¥–∏–Ω –º–µ—Å—Ç–æ –ø—Ä–∞–≤–¥–∞ –º–µ—Å—Ç–æ —Å—É–ø–µ—Ä–¥–ª–∏–Ω–Ω—ã–π —á—Ç–æ–±—ã –≤—Å–µ —É–º–µ—â–∞—Ç—å
33,"–û–≥—Ä–æ–º–Ω—ã–π –¢–¶. –£–¥–æ–±–Ω–∞—è —Ç—Ä–∞–Ω—Å–ø–æ—Ä—Ç–Ω–∞—è –¥–æ—Å—Ç—É–ø–Ω–æ—Å—Ç—å. –ú–Ω–æ–≥–æ —Ä–∞–∑–≤–ª–µ—á–µ–Ω–∏–π –¥–ª—è –¥–µ—Ç–µ–π, –≤–∑—Ä–æ—Å–ª—ã—Ö. –ï–¥–∞ –Ω–∞ –ª—é–±–æ–π –≤–∫—É—Å. –ù–æ, –≥–ª–∞–≤–Ω–æ–π –¥–æ—Å—Ç–æ–ø—Ä–∏–º–µ—á–∞—Ç–µ–ª—å–Ω–æ—Å—Ç—å—é —Ü–µ–Ω—Ç—Ä–∞ —è–≤–ª—è–µ—Ç—Å—è –∞–∫–≤–∞—Ä–∏—É–º, –∑–∞–Ω–µ—Å—ë–Ω–Ω—ã–π –≤ –∫–Ω–∏–≥—É —Ä–µ–∫–æ—Ä–¥–æ–≤ –ì–∏–Ω–Ω–µ—Å–∞! –¢–æ–ª—å–∫–æ –∏–∑-–∑–∞ –Ω–µ–≥–æ —Å—Ç–æ–∏—Ç —Å—é–¥–∞ –ø—Ä–∏–µ—Ö–∞—Ç—å)) –≤ –æ—Å—Ç–∞–ª—å–Ω–æ–º-–æ–±—ã—á–Ω—ã–π —Ç–æ—Ä–≥–æ–≤—ã–π —Ü–µ–Ω—Ç—Ä ",5,–û–≥—Ä–æ–º–Ω—ã–π –¢–¶  –£–¥–æ–±–Ω–∞—è —Ç—Ä–∞–Ω—Å–ø–æ—Ä—Ç–Ω–∞—è –¥–æ—Å—Ç—É–ø–Ω–æ—Å—Ç—å  –ú–Ω–æ–≥–æ —Ä–∞–∑–≤–ª–µ—á–µ–Ω–∏–π –¥–ª—è –¥–µ—Ç–µ–π –≤–∑—Ä–æ—Å–ª—ã—Ö  –ï–¥–∞ –Ω–∞ –ª—é–±–æ–π –≤–∫—É—Å  –ù–æ –≥–ª–∞–≤–Ω–æ–π –¥–æ—Å—Ç–æ–ø—Ä–∏–º–µ—á–∞—Ç–µ–ª—å–Ω–æ—Å—Ç—å—é —Ü–µ–Ω—Ç—Ä–∞ —è–≤–ª—è–µ—Ç—Å—è –∞–∫–≤–∞—Ä–∏—É–º –∑–∞–Ω–µ—Å—ë–Ω–Ω—ã–π –≤ –∫–Ω–∏–≥—É —Ä–µ–∫–æ—Ä–¥–æ–≤ –ì–∏–Ω–Ω–µ—Å–∞  –¢–æ–ª—å–∫–æ –∏–∑-–∑–∞ –Ω–µ–≥–æ —Å—Ç–æ–∏—Ç —Å—é–¥–∞ –ø—Ä–∏–µ—Ö–∞—Ç—å –≤ –æ—Å—Ç–∞–ª—å–Ω–æ–º-–æ–±—ã—á–Ω—ã–π —Ç–æ—Ä–≥–æ–≤—ã–π —Ü–µ–Ω—Ç—Ä ,–æ–≥—Ä–æ–º–Ω—ã–π —Ç—Ü —É–¥–æ–±–Ω—ã–π —Ç—Ä–∞–Ω—Å–ø–æ—Ä—Ç–Ω—ã–π –¥–æ—Å—Ç—É–ø–Ω–æ—Å—Ç—å –º–Ω–æ–≥–æ —Ä–∞–∑–≤–ª–µ—á–µ–Ω–∏–µ –¥–ª—è —Ä–µ–±–µ–Ω–æ–∫ –≤–∑—Ä–æ—Å–ª—ã–π –µ–¥–∞ –Ω–∞ –ª—é–±–æ–π –≤–∫—É—Å –Ω–æ –≥–ª–∞–≤–Ω—ã–π –¥–æ—Å—Ç–æ–ø—Ä–∏–º–µ—á–∞—Ç–µ–ª—å–Ω–æ—Å—Ç—å —Ü–µ–Ω—Ç—Ä —è–≤–ª—è—Ç—å—Å—è –∞–∫–≤–∞—Ä–∏—É–º –∑–∞–Ω–µ—Å—Ç–∏ –≤ –∫–Ω–∏–≥–∞ —Ä–µ–∫–æ—Ä–¥ –≥–∏–Ω–Ω–µ—Å —Ç–æ–ª—å–∫–æ –∏–∑ - –∑–∞ –æ–Ω —Å—Ç–æ—è—Ç—å —Å—é–¥–∞ –ø—Ä–∏–µ–∑–∂–∞—Ç—å –≤ –æ—Å—Ç–∞–ª—å–Ω–æ–µ - –æ–±—ã—á–Ω—ã–π —Ç–æ—Ä–≥–æ–≤—ã–π —Ü–µ–Ω—Ç—Ä
34,"–û—Ç —ç—Ç–æ–≥–æ –º–µ—Å—Ç–∞ –ø—Ä–æ—Å—Ç–æ –¥—É—Ö –∑–∞—Ö–≤–∞—Ç—ã–≤–∞–µ—Ç! –ù–∞—Å—Ç–æ–ª—å–∫–æ –±–æ–ª—å—à–æ–π —ç—Ç–æ—Ç –¢–¶. –ï—Å–ª–∏ –≤—ã –∫–æ–≥–¥–∞-–Ω–∏–±—É–¥—å —Å–ª—ã—à–∞–ª–∏ —Å–ª–æ–≤–æ &quot;–±–µ—Å–∫–æ–Ω–µ—á–Ω–æ—Å—Ç—å&quot;, —Ç–æ –≤—ã –ø—Ä–∏–º–µ—Ä–Ω–æ –º–æ–∂–µ—Ç–µ –ø—Ä–µ–¥—Å—Ç–∞–≤–∏—Ç—å —Å–µ–±–µ —ç—Ç–æ –º–µ—Å—Ç–æ. –¶–µ–Ω—Ç—Ä –∏–¥–µ–∞–ª—å–Ω–æ –ø–æ–¥—Ö–æ–¥–∏—Ç –¥–ª—è –ø—Ä–æ–≤–µ–¥–µ–Ω–∏—è –≤—ã—Ö–æ–¥–Ω—ã—Ö –≤—Å–µ–π —Å–µ–º—å—ë–π. –ó–¥–µ—Å—å –µ—Å—Ç—å –≤—Å–µ —Ä–∞–∑–≤–ª–µ—á–µ–Ω–∏—è. –ò –¥–ª—è –¥–µ—Ç–∏—à–µ–∫ –∏ –¥–ª—è</span><span>&hellip;",5,–û—Ç —ç—Ç–æ–≥–æ –º–µ—Å—Ç–∞ –ø—Ä–æ—Å—Ç–æ –¥—É—Ö –∑–∞—Ö–≤–∞—Ç—ã–≤–∞–µ—Ç  –ù–∞—Å—Ç–æ–ª—å–∫–æ –±–æ–ª—å—à–æ–π —ç—Ç–æ—Ç –¢–¶  –ï—Å–ª–∏ –≤—ã –∫–æ–≥–¥–∞-–Ω–∏–±—É–¥—å —Å–ª—ã—à–∞–ª–∏ —Å–ª–æ–≤–æ  –±–µ—Å–∫–æ–Ω–µ—á–Ω–æ—Å—Ç—å  —Ç–æ –≤—ã –ø—Ä–∏–º–µ—Ä–Ω–æ –º–æ–∂–µ—Ç–µ –ø—Ä–µ–¥—Å—Ç–∞–≤–∏—Ç—å —Å–µ–±–µ —ç—Ç–æ –º–µ—Å—Ç–æ  –¶–µ–Ω—Ç—Ä –∏–¥–µ–∞–ª—å–Ω–æ –ø–æ–¥—Ö–æ–¥–∏—Ç –¥–ª—è –ø—Ä–æ–≤–µ–¥–µ–Ω–∏—è –≤—ã—Ö–æ–¥–Ω—ã—Ö –≤—Å–µ–π —Å–µ–º—å—ë–π  –ó–¥–µ—Å—å –µ—Å—Ç—å –≤—Å–µ —Ä–∞–∑–≤–ª–µ—á–µ–Ω–∏—è ,–æ—Ç —ç—Ç–æ—Ç –º–µ—Å—Ç–æ –ø—Ä–æ—Å—Ç–æ –¥—É—Ö –∑–∞—Ö–≤–∞—Ç—ã–≤–∞—Ç—å –Ω–∞—Å—Ç–æ–ª—å–∫–æ –±–æ–ª—å—à–æ–π —ç—Ç–æ—Ç —Ç—Ü –µ—Å–ª–∏ –≤—ã –∫–æ–≥–¥–∞ - –Ω–∏–±—É–¥—å —Å–ª—ã—à–∞—Ç—å —Å–ª–æ–≤–æ –±–µ—Å–∫–æ–Ω–µ—á–Ω–æ—Å—Ç—å —Ç–æ –≤—ã –ø—Ä–∏–º–µ—Ä–Ω–æ –º–æ—á—å –ø—Ä–µ–¥—Å—Ç–∞–≤–ª—è—Ç—å —Å–µ–±—è —ç—Ç–æ –º–µ—Å—Ç–æ —Ü–µ–Ω—Ç—Ä –∏–¥–µ–∞–ª—å–Ω–æ –ø–æ–¥—Ö–æ–¥–∏—Ç—å –¥–ª—è –ø—Ä–æ–≤–µ–¥–µ–Ω–∏–µ –≤—ã—Ö–æ–¥–Ω–æ–π –≤–µ—Å—å —Å–µ–º—å—è –∑–¥–µ—Å—å –±—ã—Ç—å –≤–µ—Å—å —Ä–∞–∑–≤–ª–µ—á–µ–Ω–∏–µ
35,"–î–ª—è –º–µ–Ω—è —ç—Ç–æ –ª—É—á—à–∏–π —Ç–æ—Ä–≥–æ–≤—ã–π —Ü–µ–Ω—Ç—Ä –≤ –ú–æ—Å–∫–≤–µ. –ë–æ–ª—å—à–∞—è —Ç–µ—Ä—Ä–∏—Ç–æ—Ä–∏—è, –º–Ω–æ–≥–æ —Ä–∞–∑–≤–ª–µ—á–µ–Ω–∏–π –Ω–∞ –ª—é–±–æ–π –≤–∫—É—Å. –•–æ–¥–∏–º —Å —Å–µ–º—å–µ–π –æ—Ç–¥—ã—Ö–∞—Ç—å –≤ —ç—Ç–æ—Ç —Ç–æ—Ä–≥–æ–≤—ã–π —Ü–µ–Ω—Ç—Ä –∏ –≤—Å–µ–≥–¥–∞ –ø–æ—Å–µ—â–∞–µ–º —Ä–µ—Å—Ç–æ—Ä–∞–Ω–Ω—ã–π –¥–≤–æ—Ä–∏–∫. –í–∫—É—Å–Ω–∞—è –∫—É—Ö–Ω—è, —á–∏—Å—Ç—ã–π –∑–∞–ª.",5,–î–ª—è –º–µ–Ω—è —ç—Ç–æ –ª—É—á—à–∏–π —Ç–æ—Ä–≥–æ–≤—ã–π —Ü–µ–Ω—Ç—Ä –≤ –ú–æ—Å–∫–≤–µ  –ë–æ–ª—å—à–∞—è —Ç–µ—Ä—Ä–∏—Ç–æ—Ä–∏—è –º–Ω–æ–≥–æ —Ä–∞–∑–≤–ª–µ—á–µ–Ω–∏–π –Ω–∞ –ª—é–±–æ–π –≤–∫—É—Å  –•–æ–¥–∏–º —Å —Å–µ–º—å–µ–π –æ—Ç–¥—ã—Ö–∞—Ç—å –≤ —ç—Ç–æ—Ç —Ç–æ—Ä–≥–æ–≤—ã–π —Ü–µ–Ω—Ç—Ä –∏ –≤—Å–µ–≥–¥–∞ –ø–æ—Å–µ—â–∞–µ–º —Ä–µ—Å—Ç–æ—Ä–∞–Ω–Ω—ã–π –¥–≤–æ—Ä–∏–∫  –í–∫—É—Å–Ω–∞—è –∫—É—Ö–Ω—è —á–∏—Å—Ç—ã–π –∑–∞–ª  ,–¥–ª—è —è —ç—Ç–æ —Ö–æ—Ä–æ—à–∏–π —Ç–æ—Ä–≥–æ–≤—ã–π —Ü–µ–Ω—Ç—Ä –≤ –º–æ—Å–∫–≤–∞ –±–æ–ª—å—à–æ–π —Ç–µ—Ä—Ä–∏—Ç–æ—Ä–∏—è –º–Ω–æ–≥–æ —Ä–∞–∑–≤–ª–µ—á–µ–Ω–∏–µ –Ω–∞ –ª—é–±–æ–π –≤–∫—É—Å —Ö–æ–¥–∏—Ç—å —Å —Å–µ–º—å—è –æ—Ç–¥—ã—Ö–∞—Ç—å –≤ —ç—Ç–æ—Ç —Ç–æ—Ä–≥–æ–≤—ã–π —Ü–µ–Ω—Ç—Ä –∏ –≤—Å–µ–≥–¥–∞ –ø–æ—Å–µ—â–∞—Ç—å —Ä–µ—Å—Ç–æ—Ä–∞–Ω–Ω—ã–π –¥–≤–æ—Ä–∏–∫ –≤–∫—É—Å–Ω—ã–π –∫—É—Ö–Ω—è —á–∏—Å—Ç—ã–π –∑–∞–ª
36,"–ù–∞–≤–µ—Ä–Ω–æ–µ –ª—É—á—à–∏–π —Ç–æ—Ä–≥–æ–≤—ã–π —Ü–µ–Ω—Ç—Ä –≤ –ú–æ—Å–∫–≤–µ. –û–≥—Ä–æ–º–Ω–∞—è –ø–∞—Ä–∫–æ–≤–∫–∞, –≤—Å–µ–≥–¥–∞ –µ—Å—Ç—å –º–µ—Å—Ç–∞. –ú–Ω–æ–∂–µ—Å—Ç–≤–æ –º–∞–≥–∞–∑–∏–Ω–æ–≤ –∏ —à–∏–∫–∞—Ä–Ω—ã–π —Ä–µ—Å—Ç–æ—Ä–∞–Ω–Ω—ã–π –¥–≤–æ—Ä–∏–∫. –ï—Å—Ç—å –≤—Å–µ –∏ –¥–∞–∂–µ –±–æ–ª—å—à–µ. –¶–µ–ª—ã–π –¥–µ–Ω—å —Ä–∞–∑–≤–ª–µ–∫–∞—Ç—å—Å—è –º–æ–∂–Ω–æ –≤—Å–µ–π —Å–µ–º—å–µ–π, –Ω–æ –¥–µ–Ω–µ–≥ –≤–∑—è—Ç—å —Å —Å–æ–±–æ–π –ø–æ–±–æ–ª—å—à–µ. –í—Å–µ –∫–∞–∫ –∏ –≤–µ–∑–¥–µ –≤ –ú–æ—Å–∫–≤–µ –Ω–µ –¥–µ—à–µ–≤–æ.",5,–ù–∞–≤–µ—Ä–Ω–æ–µ –ª—É—á—à–∏–π —Ç–æ—Ä–≥–æ–≤—ã–π —Ü–µ–Ω—Ç—Ä –≤ –ú–æ—Å–∫–≤–µ  –û–≥—Ä–æ–º–Ω–∞—è –ø–∞—Ä–∫–æ–≤–∫–∞ –≤—Å–µ–≥–¥–∞ –µ—Å—Ç—å –º–µ—Å—Ç–∞  –ú–Ω–æ–∂–µ—Å—Ç–≤–æ –º–∞–≥–∞–∑–∏–Ω–æ–≤ –∏ —à–∏–∫–∞—Ä–Ω—ã–π —Ä–µ—Å—Ç–æ—Ä–∞–Ω–Ω—ã–π –¥–≤–æ—Ä–∏–∫  –ï—Å—Ç—å –≤—Å–µ –∏ –¥–∞–∂–µ –±–æ–ª—å—à–µ  –¶–µ–ª—ã–π –¥–µ–Ω—å —Ä–∞–∑–≤–ª–µ–∫–∞—Ç—å—Å—è –º–æ–∂–Ω–æ –≤—Å–µ–π —Å–µ–º—å–µ–π –Ω–æ –¥–µ–Ω–µ–≥ –≤–∑—è—Ç—å —Å —Å–æ–±–æ–π –ø–æ–±–æ–ª—å—à–µ  –í—Å–µ –∫–∞–∫ –∏ –≤–µ–∑–¥–µ –≤ –ú–æ—Å–∫–≤–µ –Ω–µ –¥–µ—à–µ–≤–æ  ,–Ω–∞–≤–µ—Ä–Ω–æ–µ —Ö–æ—Ä–æ—à–∏–π —Ç–æ—Ä–≥–æ–≤—ã–π —Ü–µ–Ω—Ç—Ä –≤ –º–æ—Å–∫–≤–∞ –æ–≥—Ä–æ–º–Ω—ã–π –ø–∞—Ä–∫–æ–≤–∫–∞ –≤—Å–µ–≥–¥–∞ –±—ã—Ç—å –º–µ—Å—Ç–æ –º–Ω–æ–∂–µ—Å—Ç–≤–æ –º–∞–≥–∞–∑–∏–Ω –∏ —à–∏–∫–∞—Ä–Ω—ã–π —Ä–µ—Å—Ç–æ—Ä–∞–Ω–Ω—ã–π –¥–≤–æ—Ä–∏–∫ –±—ã—Ç—å –≤—Å–µ –∏ –¥–∞–∂–µ –º–Ω–æ–≥–æ —Ü–µ–ª—ã–π –¥–µ–Ω—å —Ä–∞–∑–≤–ª–µ–∫–∞—Ç—å—Å—è –º–æ–∂–Ω–æ –≤–µ—Å—å —Å–µ–º—å—è –Ω–æ –¥–µ–Ω—å–≥–∏ –≤–∑—è—Ç—å —Å —Å–µ–±—è –º–Ω–æ–≥–æ –≤—Å–µ –∫–∞–∫ –∏ –≤–µ–∑–¥–µ –≤ –º–æ—Å–∫–≤–∞ –Ω–µ –¥–µ—à–µ–≤—ã–π
37,"–ó–∞–º–µ—á–∞—Ç–µ–ª—å–Ω—ã–π —Ç–æ—Ä–≥–æ–≤—ã–π –∫–æ–º–ø–ª–µ–∫—Å –µ—Å—Ç—å –≤—Å–µ, –ª—é–±–ª—é —ç—Ç–æ –º–µ—Å—Ç–æ, –≥—É–ª—è—é —Å –¥—Ä—É–∑—å—è–º–∏. –û–ø—Ä–∞–≤–¥—ã–≤–∞–µ—Ç —Å–≤–æ–∏ –ì–∞–±–æ—Ä–∏—Ç—ã, —Å–∞–º—ã–π –±–æ–ª—å—à–æ–π —Ç—Ü –≤ –ï–≤—Ä–æ–ø–µ. ",5,–ó–∞–º–µ—á–∞—Ç–µ–ª—å–Ω—ã–π —Ç–æ—Ä–≥–æ–≤—ã–π –∫–æ–º–ø–ª–µ–∫—Å –µ—Å—Ç—å –≤—Å–µ –ª—é–±–ª—é —ç—Ç–æ –º–µ—Å—Ç–æ –≥—É–ª—è—é —Å –¥—Ä—É–∑—å—è–º–∏  –û–ø—Ä–∞–≤–¥—ã–≤–∞–µ—Ç —Å–≤–æ–∏ –ì–∞–±–æ—Ä–∏—Ç—ã —Å–∞–º—ã–π –±–æ–ª—å—à–æ–π —Ç—Ü –≤ –ï–≤—Ä–æ–ø–µ  ,–∑–∞–º–µ—á–∞—Ç–µ–ª—å–Ω—ã–π —Ç–æ—Ä–≥–æ–≤—ã–π –∫–æ–º–ø–ª–µ–∫—Å –±—ã—Ç—å –≤—Å–µ –ª—é–±–∏—Ç—å —ç—Ç–æ—Ç –º–µ—Å—Ç–æ –≥—É–ª—è—Ç—å —Å –¥—Ä—É–≥ –æ–ø—Ä–∞–≤–¥—ã–≤–∞—Ç—å —Å–≤–æ–π –≥–∞–±–æ—Ä–∏—Ç —Å–∞–º—ã–π –±–æ–ª—å—à–æ–π —Ç—Ü –≤ –µ–≤—Ä–æ–ø–∞
38,"–†–µ–∫–æ–º–µ–Ω–¥—É—é –ø–æ–º–µ—Ç–∏—Ç—å —ç—Ç–æ—Ç –¢–†–¶ –≤–º–µ—Å—Ç–µ —Å —Ä–µ–±—ë–Ω–∫–æ–º , –∫–æ—Ç–æ—Ä—ã–π –ª—é–±–∏—Ç –ø–æ–¥–≤–∏–∂–Ω—ã–µ –∞–∫—Ç–∏–≤–Ω–æ—Å—Ç–∏ . –û—á–µ–Ω—å —Ö–≤–∞–ª—é –ü–∞–Ω–¥–∞ –ü–∞—Ä–∫ –∏ –ó–∞–º–∞–Ω–∏—é . –í–æ–∫—Ä—É–≥ –æ—á–µ–Ω—å –º–Ω–æ–≥–æ —Ç–æ—á–µ–∫ –ø–∏—Ç–∞–Ω–∏—è –Ω–∞ –≤—Å–µ –≤–∫—É—Å—ã, –µ–¥–∏–Ω—Å—Ç–≤–µ–Ω–Ω—ã–π –º–∏–Ω—É—Å : —Ä–µ–±—ë–Ω–∫–∞ –Ω–µ–ª—å–∑—è –æ—Å—Ç–∞–≤–ª—è—Ç—å –æ–¥–Ω–æ–≥–æ, —Ç–æ–ª—å–∫–æ –≤ –ø—Ä–∏—Å—É—Ç—Å—Ç–≤–∏–∏ —Ä–æ–¥–∏—Ç–µ–ª—è ,",5,–†–µ–∫–æ–º–µ–Ω–¥—É—é –ø–æ–º–µ—Ç–∏—Ç—å —ç—Ç–æ—Ç –¢–†–¶ –≤–º–µ—Å—Ç–µ —Å —Ä–µ–±—ë–Ω–∫–æ–º  –∫–æ—Ç–æ—Ä—ã–π –ª—é–±–∏—Ç –ø–æ–¥–≤–∏–∂–Ω—ã–µ –∞–∫—Ç–∏–≤–Ω–æ—Å—Ç–∏   –û—á–µ–Ω—å —Ö–≤–∞–ª—é –ü–∞–Ω–¥–∞ –ü–∞—Ä–∫ –∏ –ó–∞–º–∞–Ω–∏—é   –í–æ–∫—Ä—É–≥ –æ—á–µ–Ω—å –º–Ω–æ–≥–æ —Ç–æ—á–µ–∫ –ø–∏—Ç–∞–Ω–∏—è –Ω–∞ –≤—Å–µ –≤–∫—É—Å—ã –µ–¥–∏–Ω—Å—Ç–≤–µ–Ω–Ω—ã–π –º–∏–Ω—É—Å : —Ä–µ–±—ë–Ω–∫–∞ –Ω–µ–ª—å–∑—è –æ—Å—Ç–∞–≤–ª—è—Ç—å –æ–¥–Ω–æ–≥–æ —Ç–æ–ª—å–∫–æ –≤ –ø—Ä–∏—Å—É—Ç—Å—Ç–≤–∏–∏ —Ä–æ–¥–∏—Ç–µ–ª—è ,—Ä–µ–∫–æ–º–µ–Ω–¥–æ–≤–∞—Ç—å –ø–æ–º–µ—á–∞—Ç—å —ç—Ç–æ—Ç —Ç—Ä—Ü –≤–º–µ—Å—Ç–µ —Å —Ä–µ–±–µ–Ω–æ–∫ –∫–æ—Ç–æ—Ä—ã–π –ª—é–±–∏—Ç—å –ø–æ–¥–≤–∏–∂–Ω–æ–π –∞–∫—Ç–∏–≤–Ω–æ—Å—Ç—å –æ—á–µ–Ω—å —Ö–≤–∞–ª–∏—Ç—å –ø–∞–Ω–¥–∞ –ø–∞—Ä–∫ –∏ –∑–∞–º–∞–Ω–∏—è –≤–æ–∫—Ä—É–≥ –æ—á–µ–Ω—å –º–Ω–æ–≥–æ —Ç–æ—á–∫–∞ –ø–∏—Ç–∞–Ω–∏–µ –Ω–∞ –≤–µ—Å—å –≤–∫—É—Å –µ–¥–∏–Ω—Å—Ç–≤–µ–Ω–Ω—ã–π –º–∏–Ω—É—Å : —Ä–µ–±–µ–Ω–æ–∫ –Ω–µ–ª—å–∑—è –æ—Å—Ç–∞–≤–ª—è—Ç—å –æ–¥–∏–Ω —Ç–æ–ª—å–∫–æ –≤ –ø—Ä–∏—Å—É—Ç—Å—Ç–≤–∏–µ —Ä–æ–¥–∏—Ç–µ–ª—å
39,"–û–≥—Ä–æ–º–Ω—ã–π —Ç–æ—Ä–≥–æ–≤—ã–π —Ü–µ–Ω—Ç , –º–æ–∂–Ω–æ —Ö–æ–¥–∏—Ç—å —Ü–µ–ª—ã–π –¥–µ–Ω—å , –µ—Å—Ç—å –º–Ω–æ–≥–æ –∫–∞—Ñ–µ /—Ä–µ—Å—Ç–æ—Ä–∞–Ω–æ–≤ –Ω–∞ –ª—é–±–æ–π –≤–∫—É—Å –∏ –∫–æ—à–µ–ª—ë–∫ üëçüèª–æ–¥–Ω–∞–∫–æ –Ω–µ —Ç–∞–∫ –º–Ω–æ–≥–æ –º–∞–≥–∞–∑–∏–Ω–æ–≤ –¥–ª—è –¥–µ—Ç–µ–π ( –ª—é–±–æ–≥–æ –≤–æ–∑—Ä–∞—Å—Ç–∞ )–æ–ø—Ä–µ–¥–µ–ª—ë–Ω–Ω–æ –¥–ª—è –±–µ—Å—Ü–µ–ª—å–Ω–æ–≥–æ –≤—Ä–µ–º—è –ø—Ä–æ–≤–æ–∂–¥–µ–Ω–∏—è –¢–¶ —Ö–æ—Ä–æ—à , –∞ –≤–æ—Ç –µ—Å–ª–∏ –Ω—É–∂–Ω–æ –æ–¥–µ—Ç—å /–æ–±—É—Ç—å –¥–µ—Ç–µ–π , –ø–æ–∂–∞–ª—É–π  –≤—ã–±–µ—Ä—É</span><span>&hellip;",5,–û–≥—Ä–æ–º–Ω—ã–π —Ç–æ—Ä–≥–æ–≤—ã–π —Ü–µ–Ω—Ç  –º–æ–∂–Ω–æ —Ö–æ–¥–∏—Ç—å —Ü–µ–ª—ã–π –¥–µ–Ω—å  –µ—Å—Ç—å –º–Ω–æ–≥–æ –∫–∞—Ñ–µ /—Ä–µ—Å—Ç–æ—Ä–∞–Ω–æ–≤ –Ω–∞ –ª—é–±–æ–π –≤–∫—É—Å –∏ –∫–æ—à–µ–ª—ë–∫ üëçüèª–æ–¥–Ω–∞–∫–æ –Ω–µ —Ç–∞–∫ –º–Ω–æ–≥–æ –º–∞–≥–∞–∑–∏–Ω–æ–≤ –¥–ª—è –¥–µ—Ç–µ–π  –ª—é–±–æ–≥–æ –≤–æ–∑—Ä–∞—Å—Ç–∞ –æ–ø—Ä–µ–¥–µ–ª—ë–Ω–Ω–æ –¥–ª—è –±–µ—Å—Ü–µ–ª—å–Ω–æ–≥–æ –≤—Ä–µ–º—è –ø—Ä–æ–≤–æ–∂–¥–µ–Ω–∏—è –¢–¶ —Ö–æ—Ä–æ—à  –∞ –≤–æ—Ç –µ—Å–ª–∏ –Ω—É–∂–Ω–æ –æ–¥–µ—Ç—å /–æ–±—É—Ç—å –¥–µ—Ç–µ–π  –ø–æ–∂–∞–ª—É–π  –≤—ã–±–µ—Ä—É,–æ–≥—Ä–æ–º–Ω—ã–π —Ç–æ—Ä–≥–æ–≤—ã–π —Ü–µ–Ω—Ç –º–æ–∂–Ω–æ —Ö–æ–¥–∏—Ç—å —Ü–µ–ª—ã–π –¥–µ–Ω—å –±—ã—Ç—å –º–Ω–æ–≥–æ –∫–∞—Ñ–µ / —Ä–µ—Å—Ç–æ—Ä–∞–Ω –Ω–∞ –ª—é–±–æ–π –≤–∫—É—Å –∏ –∫–æ—à–µ–ª–µ–∫ üëçüèª –æ–¥–Ω–∞–∫–æ –Ω–µ —Ç–∞–∫ –º–Ω–æ–≥–æ –º–∞–≥–∞–∑–∏–Ω –¥–ª—è —Ä–µ–±–µ–Ω–æ–∫ –ª—é–±–æ–π –≤–æ–∑—Ä–∞—Å—Ç –æ–ø—Ä–µ–¥–µ–ª–µ–Ω–Ω–æ –¥–ª—è –±–µ—Å—Ü–µ–ª—å–Ω—ã–π –≤—Ä–µ–º—è –ø—Ä–æ–≤–æ–∂–¥–µ–Ω–∏–µ —Ç—Ü —Ö–æ—Ä–æ—à–∏–π –∞ –≤–æ—Ç –µ—Å–ª–∏ –Ω—É–∂–Ω–æ –æ–¥–µ–≤–∞—Ç—å / –æ–±—É–≤–∞—Ç—å —Ä–µ–±–µ–Ω–æ–∫ –ø–æ–∂–∞–ª—É–π –≤—ã–±–∏—Ä–∞—Ç—å
40,"–ü–æ—Å–µ—â–µ–Ω–∏–µ –∞–≤–∏–∞–ø–∞—Ä–∫–∞ –Ω–∞–¥–æ –Ω–∞—á–∏–Ω–∞—Ç—å —Å –ø—Ä–æ—Å–º–æ—Ç—Ä–∞ –∞–∫–≤–∞—Ä–∏—É–º–∞,–∫—Ä–∞—Å–æ—Ç–∞ –≤—ã—Å–æ—Ç–∞ –∑–∞–≤–æ—Ä–∞–∂–∏–≤–∞—é—â–∞—è,–¥–∞–ª–µ–µ –º–∏—Ä –ø–æ–∫—É–ø–æ–∫ –∏ —ç—Å–∫–∞–ª–∞—Ç–æ—Ä–æ–≤,–∑–∞—Ç–µ–º –ø–µ—Ä–µ–∫—É—Å –Ω–∞ 4 —ç—Ç–∞–∂–µ,–∞ –ø–æ—Ç–æ–º –ø—Ä–æ–≥—É–ª–∫–∏ –ø–æ –ø–∞—Ä–∫—É,",5,–ü–æ—Å–µ—â–µ–Ω–∏–µ –∞–≤–∏–∞–ø–∞—Ä–∫–∞ –Ω–∞–¥–æ –Ω–∞—á–∏–Ω–∞—Ç—å —Å –ø—Ä–æ—Å–º–æ—Ç—Ä–∞ –∞–∫–≤–∞—Ä–∏—É–º–∞–∫—Ä–∞—Å–æ—Ç–∞ –≤—ã—Å–æ—Ç–∞ –∑–∞–≤–æ—Ä–∞–∂–∏–≤–∞—é—â–∞—è–¥–∞–ª–µ–µ –º–∏—Ä –ø–æ–∫—É–ø–æ–∫ –∏ —ç—Å–∫–∞–ª–∞—Ç–æ—Ä–æ–≤–∑–∞—Ç–µ–º –ø–µ—Ä–µ–∫—É—Å –Ω–∞ 4 —ç—Ç–∞–∂–µ–∞ –ø–æ—Ç–æ–º –ø—Ä–æ–≥—É–ª–∫–∏ –ø–æ –ø–∞—Ä–∫—É,–ø–æ—Å–µ—â–µ–Ω–∏–µ –∞–≤–∏–∞–ø–∞—Ä–∫ –Ω–∞–¥–æ –Ω–∞—á–∏–Ω–∞—Ç—å —Å –ø—Ä–æ—Å–º–æ—Ç—Ä –∞–∫–≤–∞—Ä–∏—É–º–∞–∫—Ä–∞—Å–æ—Ç–∞ –≤—ã—Å–æ—Ç–∞ –∑–∞–≤–æ—Ä–∞–∂–∏–≤–∞—é—â–∞—è–¥–∞–ª–µ–µ –º–∏—Ä –ø–æ–∫—É–ø–∫–∞ –∏ —ç—Å–∫–∞–ª–∞—Ç–æ—Ä–æ–≤–∑–∞—Ç–µ–º –ø–µ—Ä–µ–∫—É—Å –Ω–∞ 4 —ç—Ç–∞–∂–µ–∞ –ø–æ—Ç–æ–º –ø—Ä–æ–≥—É–ª–∫–∞ –ø–æ –ø–∞—Ä–∫
41,"–ú—ã —á–∞—Å—Ç–æ –±—ã–≤–∞–µ–º –≤ –ê–≤–∏–∞–ø–∞—Ä–∫–µ: —Ä–∞–±–æ—Ç–∞–µ–º –ø–æ–±–ª–∏–∑–æ—Å—Ç–∏. –ù–∞–≤–µ—Ä—Ö—É —Ä–µ—Å—Ç–æ—Ä–∞–Ω–Ω—ã–π –¥–≤–æ—Ä–∏–∫ ‚Äî –∫–∞—Ñ–µ—à–∫–∏ –∏ —Ä–µ—Å—Ç–æ—Ä–∞–Ω—ã –Ω–∞ –ª—é–±–æ–π –≤–∫—É—Å –∏ –∫–æ—à–µ–ª—ë–∫. –ü—Ä–∏—Ö–æ–¥–∏–º —Ç—É–¥–∞ —Å –¥–µ—Ç—å–º–∏: –Ω–∞ –∞—Ç—Ç—Ä–∞–∫—Ü–∏–æ–Ω—ã –∏ –∑–∞ —à–∫–æ–ª—å–Ω—ã–º–∏ –ø—Ä–∏–Ω–∞–¥–ª–µ–∂–Ω–æ—Å—Ç—è–º–∏, –∑–∞ –Ω–æ–≤–æ–π –Ω–µ–¥–æ—Ä–æ–≥–æ–π –æ–¥–µ–∂–¥–æ–π –∏ –∑–∞ –ø—Ä–æ–¥—É–∫—Ç–∞–º–∏. –ò –∫–∞–∂–¥—ã–π —Ä–∞–∑ –ª—é–±—É–µ–º—Å—è –Ω–∞ –≥–ª–∞–≤–Ω—É—é</span><span>&hellip;",5,–ú—ã —á–∞—Å—Ç–æ –±—ã–≤–∞–µ–º –≤ –ê–≤–∏–∞–ø–∞—Ä–∫–µ: —Ä–∞–±–æ—Ç–∞–µ–º –ø–æ–±–ª–∏–∑–æ—Å—Ç–∏  –ù–∞–≤–µ—Ä—Ö—É —Ä–µ—Å—Ç–æ—Ä–∞–Ω–Ω—ã–π –¥–≤–æ—Ä–∏–∫ ‚Äî –∫–∞—Ñ–µ—à–∫–∏ –∏ —Ä–µ—Å—Ç–æ—Ä–∞–Ω—ã –Ω–∞ –ª—é–±–æ–π –≤–∫—É—Å –∏ –∫–æ—à–µ–ª—ë–∫  –ü—Ä–∏—Ö–æ–¥–∏–º —Ç—É–¥–∞ —Å –¥–µ—Ç—å–º–∏: –Ω–∞ –∞—Ç—Ç—Ä–∞–∫—Ü–∏–æ–Ω—ã –∏ –∑–∞ —à–∫–æ–ª—å–Ω—ã–º–∏ –ø—Ä–∏–Ω–∞–¥–ª–µ–∂–Ω–æ—Å—Ç—è–º–∏ –∑–∞ –Ω–æ–≤–æ–π –Ω–µ–¥–æ—Ä–æ–≥–æ–π –æ–¥–µ–∂–¥–æ–π –∏ –∑–∞ –ø—Ä–æ–¥—É–∫—Ç–∞–º–∏ ,–º—ã —á–∞—Å—Ç–æ –±—ã–≤–∞—Ç—å –≤ –∞–≤–∏–∞–ø–∞—Ä–∫ : —Ä–∞–±–æ—Ç–∞—Ç—å –ø–æ–±–ª–∏–∑–æ—Å—Ç–∏ –Ω–∞–≤–µ—Ä—Ö—É —Ä–µ—Å—Ç–æ—Ä–∞–Ω–Ω—ã–π –¥–≤–æ—Ä–∏–∫ ‚Äî –∫–∞—Ñ–µ—à–∫–∞ –∏ —Ä–µ—Å—Ç–æ—Ä–∞–Ω –Ω–∞ –ª—é–±–æ–π –≤–∫—É—Å –∏ –∫–æ—à–µ–ª–µ–∫ –ø—Ä–∏—Ö–æ–¥–∏—Ç—å —Ç—É–¥–∞ —Å —Ä–µ–±–µ–Ω–æ–∫ : –Ω–∞ –∞—Ç—Ç—Ä–∞–∫—Ü–∏–æ–Ω –∏ –∑–∞ —à–∫–æ–ª—å–Ω—ã–π –ø—Ä–∏–Ω–∞–¥–ª–µ–∂–Ω–æ—Å—Ç—å –∑–∞ –Ω–æ–≤—ã–π –Ω–µ–¥–æ—Ä–æ–≥–æ–π –æ–¥–µ–∂–¥–∞ –∏ –∑–∞ –ø—Ä–æ–¥—É–∫—Ç
42,"–û—á–µ–Ω—å –Ω—Ä–∞–≤–∏—Ç—Å—è –¢–¶ &quot;–ê–≤–∏–∞–ø–∞—Ä–∫&quot;, —Å–≤–æ–∏–º —Ä–∞—Å–ø–æ–ª–æ–∂–µ–Ω–∏–µ–º –∏ —Å–≤–æ–µ–π –ª–æ–≥–∏—Å—Ç–∏–∫–æ–π –≤–Ω—É—Ç—Ä–∏. –ö–∞–∂–¥—ã–π —Ä–∞–∑, –ø—Ä–∏—Ö–æ–¥—è —Å—é–¥–∞, –Ω–∞—Ö–æ–¥–∏–º –≤—Å—ë, —á—Ç–æ –ø–ª–∞–Ω–∏—Ä–æ–≤–∞–ª–∏ –ø–æ –ø–æ–∫—É–ø–∫–∞–º. –°–∞–º —Ü–µ–Ω—Ç—Ä –Ω–∞–º–Ω–æ–≥–æ —É–¥–æ–±–Ω–µ–µ –≤—Å–µ—Ö –ú–µ–≥ –∏ —Ç–æ–º—É –ø–æ–¥–æ–±–Ω—ã—Ö. –õ—É—á—à–∏–π –¢–¶ –ú–æ—Å–∫–≤—ã –Ω–∞ —Å–µ–≥–æ–¥–Ω—è—à–Ω–∏–π –º–æ–º–µ–Ω—Ç!",5,–û—á–µ–Ω—å –Ω—Ä–∞–≤–∏—Ç—Å—è –¢–¶  –ê–≤–∏–∞–ø–∞—Ä–∫  —Å–≤–æ–∏–º —Ä–∞—Å–ø–æ–ª–æ–∂–µ–Ω–∏–µ–º –∏ —Å–≤–æ–µ–π –ª–æ–≥–∏—Å—Ç–∏–∫–æ–π –≤–Ω—É—Ç—Ä–∏  –ö–∞–∂–¥—ã–π —Ä–∞–∑ –ø—Ä–∏—Ö–æ–¥—è —Å—é–¥–∞ –Ω–∞—Ö–æ–¥–∏–º –≤—Å—ë —á—Ç–æ –ø–ª–∞–Ω–∏—Ä–æ–≤–∞–ª–∏ –ø–æ –ø–æ–∫—É–ø–∫–∞–º  –°–∞–º —Ü–µ–Ω—Ç—Ä –Ω–∞–º–Ω–æ–≥–æ —É–¥–æ–±–Ω–µ–µ –≤—Å–µ—Ö –ú–µ–≥ –∏ —Ç–æ–º—É –ø–æ–¥–æ–±–Ω—ã—Ö  –õ—É—á—à–∏–π –¢–¶ –ú–æ—Å–∫–≤—ã –Ω–∞ —Å–µ–≥–æ–¥–Ω—è—à–Ω–∏–π –º–æ–º–µ–Ω—Ç  ,–æ—á–µ–Ω—å –Ω—Ä–∞–≤–∏—Ç—å—Å—è —Ç—Ü –∞–≤–∏–∞–ø–∞—Ä–∫ —Å–≤–æ–π —Ä–∞—Å–ø–æ–ª–æ–∂–µ–Ω–∏–µ –∏ —Å–≤–æ–π –ª–æ–≥–∏—Å—Ç–∏–∫–∞ –≤–Ω—É—Ç—Ä–∏ –∫–∞–∂–¥—ã–π —Ä–∞–∑ –ø—Ä–∏—Ö–æ–¥–∏—Ç—å —Å—é–¥–∞ –Ω–∞—Ö–æ–¥–∏—Ç—å –≤—Å–µ —á—Ç–æ –ø–ª–∞–Ω–∏—Ä–æ–≤–∞—Ç—å –ø–æ –ø–æ–∫—É–ø–∫–∞ —Å–∞–º —Ü–µ–Ω—Ç—Ä –Ω–∞–º–Ω–æ–≥–æ —É–¥–æ–±–Ω—ã–π –≤—Å–µ –º–µ–≥ –∏ —Ç–æ –ø–æ–¥–æ–±–Ω—ã–π —Ö–æ—Ä–æ—à–∏–π —Ç—Ü –º–æ—Å–∫–≤–∞ –Ω–∞ —Å–µ–≥–æ–¥–Ω—è—à–Ω–∏–π –º–æ–º–µ–Ω—Ç
43,"–û—Ö—Ä–∞–Ω–∞ –ø—Ä–µ–ø—è—Ç—Å—Ç–≤—É–µ—Ç –ø—Ä–æ—Ö–æ–∂–¥–µ–Ω–∏—é –≥—Ä–∞–∂–¥–∞–Ω –≤ –¢–†–¶, —á–µ–º –Ω–∞—Ä—É—à–∞–µ—Ç –∫–æ–Ω—Å—Ç–∏—Ç—É—Ü–∏–æ–Ω–Ω—ã–µ –ø—Ä–∞–≤–∞ –≥—Ä–∞–∂–¥–∞–Ω –Ω–∞ —Å–≤–æ–±–æ–¥—É –ø–µ—Ä–µ–º–µ—â–µ–Ω–∏—è. –û—Ç–∫—Ä—ã—Ç–æ –∑–∞–Ω–∏–º–∞–µ—Ç—Å—è –≤—ã–º–æ–≥–∞—Ç–µ–ª—å—Å—Ç–æ–º, —Ç—Ä–µ–±—É—è –ø—Ä–∏–æ–±—Ä–µ—Å—Ç–∏ –º–∞—Å–∫–∏, –Ω–µ –ø—Ä–µ–¥–æ—Å—Ç–∞–≤–ª—è—è –∏—Ö, –∫–∞–∫ —ç—Ç–æ –ø—Ä–æ–ø–∏—Å–∞–Ω–æ –≤ –ø–æ—Å—Ç–∞–Ω–æ–≤–ª–µ–Ω–∏–∏ –ø—Ä–∞–≤–∏—Ç–µ–ª—å—Å—Ç–≤–∞ N417 –æ—Ç –∫–∞–∫–∏—Ö-—Ç–æ —Ç–∞–º –∞–ø—Ä–µ–ª–µ–π</span><span class=""_1M-1YYJt""> –¥–≤–µ—Ç—ã—â–∏–¥–≤–∞–¥—Ü–∞—Ç–æ–≥–æ. –í–∏–¥–∏–º–æ, —ç—Ç–æ –∫–∞–∫–æ–π-—Ç–æ –±–∞–Ω–¥–∏—Ç—Å–∫–∏–π –ø—Ä–∏—Ç–æ–Ω, –ø–æ–π–¥—É —Ç—Ä–∞—Ç–∏—Ç—å –¥–µ–Ω—å–≥–∏ –≤ –±–æ–ª–µ–µ –∞–¥–µ–∫–≤–∞—Ç–Ω—ã–µ –¢–¶, –≥–¥–µ –º–∞—Å–∫–∏ –ø—Ä–µ–¥–æ—Å—Ç–∞–≤–ª—è—é—Ç—Å—è –≥—Ä–∞–∂–¥–∞–Ω–∞–º, –∞ –æ—Ö—Ä–∞–Ω–∞ –Ω–µ –ø—Ä–µ–≤—ã—à–∞–µ—Ç —Å–≤–æ–∏—Ö –ø–æ–ª–Ω–æ–º–æ—á–∏–π –∏ –Ω–µ –æ–∫–∞–∑—ã–≤–∞–µ—Ç —Ñ–∏–∑–∏—á–µ—Å–∫–æ–≥–æ —Å–æ–ø—Ä–æ—Ç–∏–≤–ª–µ–Ω–∏—è –ø–æ–∫—É–ø–∞—Ç–µ–ª—è–º. –£–≤–∞–∂–∞–µ–º—ã–µ –∞—Ä–µ–Ω–¥–∞—Ç–æ—Ä—ã-–ø—Ä–æ–¥–∞–≤—Ü—ã –¢–†–¶ &quot;–∞–≤–∏–∞–ø–∞—Ä–∫&quot; –∏ –ø—Ä–æ—á–∏–µ –∞—Ä–µ–Ω–¥–∞—Ç–æ—Ä—ã, –∑–∞—Ä–∞–±–∞—Ç—ã–≤–∞—é—â–∏–µ –Ω–∞ –ø—Ä–µ–¥–æ—Å—Ç–∞–≤–ª–µ–Ω–∏–∏ —É—Å–ª—É–≥,  –º–Ω–µ –≤–∞—Å –∏—Å–∫—Ä–µ–Ω–Ω–µ –∂–∞–ª—å, –≤—ã —Ç–µ–ø–µ—Ä—å —Ä–∞–±–æ—Ç–∞–µ—Ç–µ –≤ –Ω–æ–ª—å, –±–ª–∞–≥–æ–¥–∞—Ä—è —Ç–∞–∫–æ–π –≤–æ—Ç –Ω–µ–æ—Ç–µ—Å–∞–Ω–Ω–æ–π –æ—Ö—Ä–∞–Ω–µ. –í—ã—Ä—É—á–∫—É –æ–Ω–∏ –≤–∞–º –≤—Ä—è–¥-–ª–∏ –¥–µ–ª–∞—Ç—å –±—É–¥—É—Ç. –ê —è –±–µ–∑ –ª–∏—à–Ω–µ–≥–æ –æ—á–µ—Ä–µ–¥–Ω–æ–≥–æ –ø–ª–∞—Ç–∏—à–∫–∞, –ø—Ä–∏–æ–±—Ä–µ—Ç–µ–Ω–Ω–æ–≥–æ –≤ –∞–≤–∏–∞–ø–∞—Ä–∫, –≤–µ—Ä–Ω–µ–µ, –Ω–µ–ø—Ä–∏–æ–±—Ä–∏—Ç–µ–Ω–Ω–æ–≥–æ, –∫–∞–∫-–Ω–∏–±—É–¥—å –ø–µ—Ä–µ–∂–∏–≤—É.</span><span>&hellip;",5,–û—Ö—Ä–∞–Ω–∞ –ø—Ä–µ–ø—è—Ç—Å—Ç–≤—É–µ—Ç –ø—Ä–æ—Ö–æ–∂–¥–µ–Ω–∏—é –≥—Ä–∞–∂–¥–∞–Ω –≤ –¢–†–¶ —á–µ–º –Ω–∞—Ä—É—à–∞–µ—Ç –∫–æ–Ω—Å—Ç–∏—Ç—É—Ü–∏–æ–Ω–Ω—ã–µ –ø—Ä–∞–≤–∞ –≥—Ä–∞–∂–¥–∞–Ω –Ω–∞ —Å–≤–æ–±–æ–¥—É –ø–µ—Ä–µ–º–µ—â–µ–Ω–∏—è  –û—Ç–∫—Ä—ã—Ç–æ –∑–∞–Ω–∏–º–∞–µ—Ç—Å—è –≤—ã–º–æ–≥–∞—Ç–µ–ª—å—Å—Ç–æ–º —Ç—Ä–µ–±—É—è –ø—Ä–∏–æ–±—Ä–µ—Å—Ç–∏ –º–∞—Å–∫–∏ –Ω–µ –ø—Ä–µ–¥–æ—Å—Ç–∞–≤–ª—è—è –∏—Ö –∫–∞–∫ —ç—Ç–æ –ø—Ä–æ–ø–∏—Å–∞–Ω–æ –≤ –ø–æ—Å—Ç–∞–Ω–æ–≤–ª–µ–Ω–∏–∏ –ø—Ä–∞–≤–∏—Ç–µ–ª—å—Å—Ç–≤–∞ N417 –æ—Ç –∫–∞–∫–∏—Ö-—Ç–æ —Ç–∞–º –∞–ø—Ä–µ–ª–µ–π  –¥–≤–µ—Ç—ã—â–∏–¥–≤–∞–¥—Ü–∞—Ç–æ–≥–æ  –í–∏–¥–∏–º–æ —ç—Ç–æ –∫–∞–∫–æ–π-—Ç–æ –±–∞–Ω–¥–∏—Ç—Å–∫–∏–π –ø—Ä–∏—Ç–æ–Ω –ø–æ–π–¥—É —Ç—Ä–∞—Ç–∏—Ç—å –¥–µ–Ω—å–≥–∏ –≤ –±–æ–ª–µ–µ –∞–¥–µ–∫–≤–∞—Ç–Ω—ã–µ –¢–¶ –≥–¥–µ –º–∞—Å–∫–∏ –ø—Ä–µ–¥–æ—Å—Ç–∞–≤–ª—è—é—Ç—Å—è –≥—Ä–∞–∂–¥–∞–Ω–∞–º –∞ –æ—Ö—Ä–∞–Ω–∞ –Ω–µ –ø—Ä–µ–≤—ã—à–∞–µ—Ç —Å–≤–æ–∏—Ö –ø–æ–ª–Ω–æ–º–æ—á–∏–π –∏ –Ω–µ –æ–∫–∞–∑—ã–≤–∞–µ—Ç —Ñ–∏–∑–∏—á–µ—Å–∫–æ–≥–æ —Å–æ–ø—Ä–æ—Ç–∏–≤–ª–µ–Ω–∏—è –ø–æ–∫—É–ø–∞—Ç–µ–ª—è–º  –£–≤–∞–∂–∞–µ–º—ã–µ –∞—Ä–µ–Ω–¥–∞—Ç–æ—Ä—ã-–ø—Ä–æ–¥–∞–≤—Ü—ã –¢–†–¶  –∞–≤–∏–∞–ø–∞—Ä–∫  –∏ –ø—Ä–æ—á–∏–µ –∞—Ä–µ–Ω–¥–∞—Ç–æ—Ä—ã –∑–∞—Ä–∞–±–∞—Ç—ã–≤–∞—é—â–∏–µ –Ω–∞ –ø—Ä–µ–¥–æ—Å—Ç–∞–≤–ª–µ–Ω–∏–∏ —É—Å–ª—É–≥  –º–Ω–µ –≤–∞—Å –∏—Å–∫—Ä–µ–Ω–Ω–µ –∂–∞–ª—å –≤—ã —Ç–µ–ø–µ—Ä—å —Ä–∞–±–æ—Ç–∞–µ—Ç–µ –≤ –Ω–æ–ª—å –±–ª–∞–≥–æ–¥–∞—Ä—è —Ç–∞–∫–æ–π –≤–æ—Ç –Ω–µ–æ—Ç–µ—Å–∞–Ω–Ω–æ–π –æ—Ö—Ä–∞–Ω–µ  –í—ã—Ä—É—á–∫—É –æ–Ω–∏ –≤–∞–º –≤—Ä—è–¥-–ª–∏ –¥–µ–ª–∞—Ç—å –±—É–¥—É—Ç  –ê —è –±–µ–∑ –ª–∏—à–Ω–µ–≥–æ –æ—á–µ—Ä–µ–¥–Ω–æ–≥–æ –ø–ª–∞—Ç–∏—à–∫–∞ –ø—Ä–∏–æ–±—Ä–µ—Ç–µ–Ω–Ω–æ–≥–æ –≤ –∞–≤–∏–∞–ø–∞—Ä–∫ –≤–µ—Ä–Ω–µ–µ –Ω–µ–ø—Ä–∏–æ–±—Ä–∏—Ç–µ–Ω–Ω–æ–≥–æ –∫–∞–∫-–Ω–∏–±—É–¥—å –ø–µ—Ä–µ–∂–∏–≤—É ,–æ—Ö—Ä–∞–Ω–∞ –ø—Ä–µ–ø—è—Ç—Å—Ç–≤–æ–≤–∞—Ç—å –ø—Ä–æ—Ö–æ–∂–¥–µ–Ω–∏–µ –≥—Ä–∞–∂–¥–∞–Ω–∏–Ω –≤ —Ç—Ä—Ü —á–µ–º –Ω–∞—Ä—É—à–∞—Ç—å –∫–æ–Ω—Å—Ç–∏—Ç—É—Ü–∏–æ–Ω–Ω—ã–π –ø—Ä–∞–≤–æ –≥—Ä–∞–∂–¥–∞–Ω–∏–Ω –Ω–∞ —Å–≤–æ–±–æ–¥–∞ –ø–µ—Ä–µ–º–µ—â–µ–Ω–∏–µ –æ—Ç–∫—Ä—ã—Ç–æ –∑–∞–Ω–∏–º–∞—Ç—å—Å—è –≤—ã–º–æ–≥–∞—Ç–µ–ª—å—Å—Ç —Ç—Ä–µ–±–æ–≤–∞—Ç—å –ø—Ä–∏–æ–±—Ä–µ—Ç–∞—Ç—å –º–∞—Å–∫–∞ –Ω–µ –ø—Ä–µ–¥–æ—Å—Ç–∞–≤–ª—è—Ç—å –æ–Ω–∏ –∫–∞–∫ —ç—Ç–æ –ø—Ä–æ–ø–∏—Å—ã–≤–∞—Ç—å –≤ –ø–æ—Å—Ç–∞–Ω–æ–≤–ª–µ–Ω–∏–µ –ø—Ä–∞–≤–∏—Ç–µ–ª—å—Å—Ç–≤–æ N417 –æ—Ç –∫–∞–∫–æ–π - —Ç–æ —Ç–∞–º –∞–ø—Ä–µ–ª—å –¥–≤–µ—Ç—ã—â–∏–¥–≤–∞–¥—Ü–∞—Ç—ã–π –≤–∏–¥–∏–º–æ —ç—Ç–æ –∫–∞–∫–æ–π - —Ç–æ –±–∞–Ω–¥–∏—Ç—Å–∫–∏–π –ø—Ä–∏—Ç–æ–Ω –ø–æ–π—Ç–∏ —Ç—Ä–∞—Ç–∏—Ç—å –¥–µ–Ω—å–≥–∏ –≤ –±–æ–ª–µ–µ –∞–¥–µ–∫–≤–∞—Ç–Ω—ã–π —Ç—Ü –≥–¥–µ –º–∞—Å–∫–∞ –ø—Ä–µ–¥–æ—Å—Ç–∞–≤–ª—è—Ç—å—Å—è –≥—Ä–∞–∂–¥–∞–Ω–∏–Ω –∞ –æ—Ö—Ä–∞–Ω–∞ –Ω–µ –ø—Ä–µ–≤—ã—à–∞—Ç—å —Å–≤–æ–π –ø–æ–ª–Ω–æ–º–æ—á–∏–µ –∏ –Ω–µ –æ–∫–∞–∑—ã–≤–∞—Ç—å —Ñ–∏–∑–∏—á–µ—Å–∫–∏–π —Å–æ–ø—Ä–æ—Ç–∏–≤–ª–µ–Ω–∏–µ –ø–æ–∫—É–ø–∞—Ç–µ–ª—å —É–≤–∞–∂–∞–µ–º—ã–π –∞—Ä–µ–Ω–¥–∞—Ç–æ—Ä - –ø—Ä–æ–¥–∞–≤–µ—Ü —Ç—Ä—Ü –∞–≤–∏–∞–ø–∞—Ä–∫ –∏ –ø—Ä–æ—á–∏–π –∞—Ä–µ–Ω–¥–∞—Ç–æ—Ä –∑–∞—Ä–∞–±–∞—Ç—ã–≤–∞—Ç—å –Ω–∞ –ø—Ä–µ–¥–æ—Å—Ç–∞–≤–ª–µ–Ω–∏–µ —É—Å–ª—É–≥–∞ —è –≤—ã –∏—Å–∫—Ä–µ–Ω–Ω–µ –∂–∞–ª—å –≤—ã —Ç–µ–ø–µ—Ä—å —Ä–∞–±–æ—Ç–∞—Ç—å –≤ –Ω–æ–ª—å –±–ª–∞–≥–æ–¥–∞—Ä—è —Ç–∞–∫–æ–π –≤–æ—Ç –Ω–µ–æ—Ç–µ—Å–∞–Ω–Ω—ã–π –æ—Ö—Ä–∞–Ω–∞ –≤—ã—Ä—É—á–∫–∞ –æ–Ω–∏ –≤—ã –≤—Ä—è–¥ - –ª–∏ –¥–µ–ª–∞—Ç—å –±—ã—Ç—å –∞ —è –±–µ–∑ –ª–∏—à–Ω–∏–π –æ—á–µ—Ä–µ–¥–Ω–æ–π –ø–ª–∞—Ç–∏—à–∫–∞ –ø—Ä–∏–æ–±—Ä–µ—Ç–∞—Ç—å –≤ –∞–≤–∏–∞–ø–∞—Ä–∫ –≤–µ—Ä–Ω–µ–µ –Ω–µ–ø—Ä–∏–æ–±—Ä–∏—Ç–µ–Ω–Ω—ã–π –∫–∞–∫ - –Ω–∏–±—É–¥—å –ø–µ—Ä–µ–∂–∏–≤–∞—Ç—å
44,"—É–∂–∞—Å–Ω–æ–µ –º–µ—Å—Ç–æ, —Å–æ–≤–µ—Ä—à–µ–Ω–Ω–æ –Ω–µ –ø—Ä–∏—Å–ø–æ—Å–æ–±–ª–µ–Ω–Ω–æ–µ –¥–ª—è –ø–æ—Å–µ—â–µ–Ω–∏—è –¥–ª—è –ª–∏—Ü —Å –æ–≥—Ä–∞–Ω–∏—á–µ–Ω–∏–µ–º –º–æ–±–∏–ª—å–Ω–æ—Å—Ç–∏ –∏ —Å –∫–æ–ª—è—Å–∫–∞–º–∏ (–º–∞–ª–µ–Ω—å–∫–∏—Ö –¥–µ—Ç–µ–π). –í—Ä–µ–º—è –æ–∂–∏–¥–∞–Ω–∏—è –ª–∏—Ñ—Ç–∞ - 20 -30 –º–∏–Ω—É—Ç - –ø–µ—Ä–µ–ø–æ–ª–Ω–µ–Ω–Ω—ã–µ –ª–∏—Ñ—Ç—ã —Å –Ω–µ–≤–æ–∑–º–æ–∂–Ω–æ—Å—Ç—å—é —É–µ—Ö–∞—Ç—å –Ω–∞ –∫–æ–ª—è—Å–∫–µ, –Ω–∏–∫–∞–∫–∏—Ö –ø—Ä–∏–æ—Ä–∏—Ç–µ—Ç–æ–≤ –¥–ª—è –ª–∏—Ñ—Ç–∞ –¥–ª—è –ª—é–¥–µ–π —Å –∫–æ–ª—è—Å–∫–∞–º–∏.",5,—É–∂–∞—Å–Ω–æ–µ –º–µ—Å—Ç–æ —Å–æ–≤–µ—Ä—à–µ–Ω–Ω–æ –Ω–µ –ø—Ä–∏—Å–ø–æ—Å–æ–±–ª–µ–Ω–Ω–æ–µ –¥–ª—è –ø–æ—Å–µ—â–µ–Ω–∏—è –¥–ª—è –ª–∏—Ü —Å –æ–≥—Ä–∞–Ω–∏—á–µ–Ω–∏–µ–º –º–æ–±–∏–ª—å–Ω–æ—Å—Ç–∏ –∏ —Å –∫–æ–ª—è—Å–∫–∞–º–∏ –º–∞–ª–µ–Ω—å–∫–∏—Ö –¥–µ—Ç–µ–π  –í—Ä–µ–º—è –æ–∂–∏–¥–∞–Ω–∏—è –ª–∏—Ñ—Ç–∞ - 20 -30 –º–∏–Ω—É—Ç - –ø–µ—Ä–µ–ø–æ–ª–Ω–µ–Ω–Ω—ã–µ –ª–∏—Ñ—Ç—ã —Å –Ω–µ–≤–æ–∑–º–æ–∂–Ω–æ—Å—Ç—å—é —É–µ—Ö–∞—Ç—å –Ω–∞ –∫–æ–ª—è—Å–∫–µ –Ω–∏–∫–∞–∫–∏—Ö –ø—Ä–∏–æ—Ä–∏—Ç–µ—Ç–æ–≤ –¥–ª—è –ª–∏—Ñ—Ç–∞ –¥–ª—è –ª—é–¥–µ–π —Å –∫–æ–ª—è—Å–∫–∞–º–∏  ,—É–∂–∞—Å–Ω—ã–π –º–µ—Å—Ç–æ —Å–æ–≤–µ—Ä—à–µ–Ω–Ω–æ –Ω–µ –ø—Ä–∏—Å–ø–æ—Å–æ–±–ª—è—Ç—å –¥–ª—è –ø–æ—Å–µ—â–µ–Ω–∏–µ –¥–ª—è –ª–∏—Ü–æ —Å –æ–≥—Ä–∞–Ω–∏—á–µ–Ω–∏–µ –º–æ–±–∏–ª—å–Ω–æ—Å—Ç—å –∏ —Å –∫–æ–ª—è—Å–∫–∞ –º–∞–ª–µ–Ω—å–∫–∏–π —Ä–µ–±–µ–Ω–æ–∫ –≤—Ä–µ–º—è –æ–∂–∏–¥–∞–Ω–∏–µ –ª–∏—Ñ—Ç - 20 - 30 –º–∏–Ω—É—Ç–∞ - –ø–µ—Ä–µ–ø–æ–ª–Ω—è—Ç—å –ª–∏—Ñ—Ç —Å –Ω–µ–≤–æ–∑–º–æ–∂–Ω–æ—Å—Ç—å —É–µ–∑–∂–∞—Ç—å –Ω–∞ –∫–æ–ª—è—Å–∫–∞ –Ω–∏–∫–∞–∫–æ–π –ø—Ä–∏–æ—Ä–∏—Ç–µ—Ç –¥–ª—è –ª–∏—Ñ—Ç –¥–ª—è —á–µ–ª–æ–≤–µ–∫ —Å –∫–æ–ª—è—Å–∫–∞
45,"–Ø –∫–æ–Ω–µ—á–Ω–æ –ø–æ–Ω–∏–º–∞—é, —á—Ç–æ 26 –º–∞—Ä—Ç–∞ 2020 –≥–æ–¥–∞ ¬´—Å—Ç–æ—è–ª–∞ –ø—Ä—è–º –æ—á–µ—Ä–µ–¥—å –∑–∞ –º–∞—Ç—Ä–∞—Å–∞–º–∏¬ª –∏ –≤–æ–∑–º–æ–∂–Ω–æ—Å—Ç–∏ —É —Ä—É–∫–æ–≤–æ–¥–∏—Ç–µ–ª—è –º–∞–≥–∞–∑–∏–Ω–∞ –Ω–µ –Ω–∞—à–ª–æ—Å—å, –¥–ª—è —Ç–æ–≥–æ —á—Ç–æ–±—ã –ø–æ–æ–±—â–∞—Ç—å—Å—è —Å–æ –º–Ω–æ–π, –ø—Ä–æ–∂–¥–∞–ª —Ç—Ä–∏–¥—Ü–∞—Ç—å –ø—è—Ç—å –º–∏–Ω—É—Ç, –ø—Ä–∏ —Ç–æ–º —á—Ç–æ –±—ã–ª–∞ –ø—Ä–æ—Å—å–±–∞ –ø–æ–¥–æ–∂–¥–∞—Ç—å –µ—ë (–µ–≥–æ) 15 –º–∏–Ω—É—Ç!  –Ø –Ω–µ —Å—Ç–∞–ª –¥–æ–∂–∏–¥–∞—Ç—å—Å—è, –∏ –≤ –∫–æ–Ω—Ü–µ</span><span>&hellip;",5,–Ø –∫–æ–Ω–µ—á–Ω–æ –ø–æ–Ω–∏–º–∞—é —á—Ç–æ 26 –º–∞—Ä—Ç–∞ 2020 –≥–æ–¥–∞ ¬´—Å—Ç–æ—è–ª–∞ –ø—Ä—è–º –æ—á–µ—Ä–µ–¥—å –∑–∞ –º–∞—Ç—Ä–∞—Å–∞–º–∏¬ª –∏ –≤–æ–∑–º–æ–∂–Ω–æ—Å—Ç–∏ —É —Ä—É–∫–æ–≤–æ–¥–∏—Ç–µ–ª—è –º–∞–≥–∞–∑–∏–Ω–∞ –Ω–µ –Ω–∞—à–ª–æ—Å—å –¥–ª—è —Ç–æ–≥–æ —á—Ç–æ–±—ã –ø–æ–æ–±—â–∞—Ç—å—Å—è —Å–æ –º–Ω–æ–π –ø—Ä–æ–∂–¥–∞–ª —Ç—Ä–∏–¥—Ü–∞—Ç—å –ø—è—Ç—å –º–∏–Ω—É—Ç –ø—Ä–∏ —Ç–æ–º —á—Ç–æ –±—ã–ª–∞ –ø—Ä–æ—Å—å–±–∞ –ø–æ–¥–æ–∂–¥–∞—Ç—å –µ—ë –µ–≥–æ 15 –º–∏–Ω—É—Ç ,—è –∫–æ–Ω–µ—á–Ω–æ –ø–æ–Ω–∏–º–∞—Ç—å —á—Ç–æ 26 –º–∞—Ä—Ç 2020 –≥–æ–¥ ¬´ —Å—Ç–æ—è—Ç—å –ø—Ä—è–º–æ–π –æ—á–µ—Ä–µ–¥—å –∑–∞ –º–∞—Ç—Ä–∞—Å ¬ª –∏ –≤–æ–∑–º–æ–∂–Ω–æ—Å—Ç—å —É —Ä—É–∫–æ–≤–æ–¥–∏—Ç–µ–ª—å –º–∞–≥–∞–∑–∏–Ω –Ω–µ –Ω–∞—Ö–æ–¥–∏—Ç—å—Å—è –¥–ª—è —Ç–æ —á—Ç–æ–±—ã –ø–æ–æ–±—â–∞—Ç—å—Å—è —Å–æ —è –ø—Ä–æ–∂–¥–∞—Ç—å —Ç—Ä–∏–¥—Ü–∞—Ç—å –ø—è—Ç—å –º–∏–Ω—É—Ç–∞ –ø—Ä–∏ —Ç–æ —á—Ç–æ –±—ã—Ç—å –ø—Ä–æ—Å—å–±–∞ –ø–æ–¥–æ–∂–¥–∞—Ç—å –æ–Ω–∞ –æ–Ω 15 –º–∏–Ω—É—Ç–∞
46,"–í –Ω–∞—Å—Ç–æ—è—â–µ–µ –≤—Ä–µ–º—è –¢–¶ –ê–≤–∏–∞–ø–∞—Ä–∫ –ø—Ä–æ—Ç–∞–ª–∫–∏–≤–∞–µ—Ç –ø—Ä–æ–µ–∫—Ç –ø—Ä–æ–∫–ª–∞–¥–∫–∏ –ø–æ–¥—ä–µ–∑–¥–Ω–æ–π –º–∞–≥–∏—Å—Ç—Ä–∞–ª–∏ –≤ –Ω–∞—Ä—É—à–µ–Ω–∏–µ —Å–∞–Ω–∏—Ç–∞—Ä–Ω—ã—Ö –Ω–æ—Ä–º –ø–æ 3-–ü–µ—Å—á–∞–Ω–æ–π —É–ª–∏—Ü–µ. –≠—Ç–æ –ø—Ä–æ—Å—Ç–æ –∫–∞—Ç–∞—Å—Ç—Ä–æ—Ñ–∏—á–µ—Å–∫–∏–π —É–¥–∞—Ä –ø–æ –ê–Ω—Å–∞–º–±–ª—é –∑–∞—Å—Ç—Ä–æ–π–∫–∏ –ü–µ—Å—á–∞–Ω—ã—Ö —É–ª–∏—Ü 47-55–≥–≥, –æ—Ç–Ω–µ—Å—ë–Ω–Ω–æ–º—É –∫ –ò—Å—Ç–æ—Ä–∏—á–µ—Å–∫–∏ —Ü–µ–Ω–Ω—ã–º –≥—Ä–∞–¥–æ—Ñ–æ—Ä–º–∏—Ä—É—é—â–∏–º –æ–±—ä–µ–∫—Ç–∞–º. –ù–∞–ª–∏—Ü–æ</span><span>&hellip;",5,–í –Ω–∞—Å—Ç–æ—è—â–µ–µ –≤—Ä–µ–º—è –¢–¶ –ê–≤–∏–∞–ø–∞—Ä–∫ –ø—Ä–æ—Ç–∞–ª–∫–∏–≤–∞–µ—Ç –ø—Ä–æ–µ–∫—Ç –ø—Ä–æ–∫–ª–∞–¥–∫–∏ –ø–æ–¥—ä–µ–∑–¥–Ω–æ–π –º–∞–≥–∏—Å—Ç—Ä–∞–ª–∏ –≤ –Ω–∞—Ä—É—à–µ–Ω–∏–µ —Å–∞–Ω–∏—Ç–∞—Ä–Ω—ã—Ö –Ω–æ—Ä–º –ø–æ 3-–ü–µ—Å—á–∞–Ω–æ–π —É–ª–∏—Ü–µ  –≠—Ç–æ –ø—Ä–æ—Å—Ç–æ –∫–∞—Ç–∞—Å—Ç—Ä–æ—Ñ–∏—á–µ—Å–∫–∏–π —É–¥–∞—Ä –ø–æ –ê–Ω—Å–∞–º–±–ª—é –∑–∞—Å—Ç—Ä–æ–π–∫–∏ –ü–µ—Å—á–∞–Ω—ã—Ö —É–ª–∏—Ü 47-55–≥–≥ –æ—Ç–Ω–µ—Å—ë–Ω–Ω–æ–º—É –∫ –ò—Å—Ç–æ—Ä–∏—á–µ—Å–∫–∏ —Ü–µ–Ω–Ω—ã–º –≥—Ä–∞–¥–æ—Ñ–æ—Ä–º–∏—Ä—É—é—â–∏–º –æ–±—ä–µ–∫—Ç–∞–º ,–≤ –Ω–∞—Å—Ç–æ—è—â–∏–π –≤—Ä–µ–º—è —Ç—Ü –∞–≤–∏–∞–ø–∞—Ä–∫ –ø—Ä–æ—Ç–∞–ª–∫–∏–≤–∞—Ç—å –ø—Ä–æ–µ–∫—Ç –ø—Ä–æ–∫–ª–∞–¥–∫–∞ –ø–æ–¥—ä–µ–∑–¥–Ω—ã–π –º–∞–≥–∏—Å—Ç—Ä–∞–ª—å –≤ –Ω–∞—Ä—É—à–µ–Ω–∏–µ —Å–∞–Ω–∏—Ç–∞—Ä–Ω—ã–π –Ω–æ—Ä–º–∞ –ø–æ 3 - –ø–µ—Å—á–∞–Ω—ã–π —É–ª–∏—Ü–∞ —ç—Ç–æ –ø—Ä–æ—Å—Ç–æ –∫–∞—Ç–∞—Å—Ç—Ä–æ—Ñ–∏—á–µ—Å–∫–∏–π —É–¥–∞—Ä –ø–æ –∞–Ω—Å–∞–º–±–ª—å –∑–∞—Å—Ç—Ä–æ–π–∫–∞ –ø–µ—Å—á–∞–Ω—ã–π —É–ª–∏—Ü–∞ 47 - 55–≥–≥ –æ—Ç–Ω–æ—Å–∏—Ç—å –∫ –∏—Å—Ç–æ—Ä–∏—á–µ—Å–∫–∏ —Ü–µ–Ω–Ω—ã–π –≥—Ä–∞–¥–æ—Ñ–æ—Ä–º–∏—Ä—É—é—â–∏–π –æ–±—ä–µ–∫—Ç
47,"–ñ–∏–≤–µ–º –Ω–µ–¥–∞–ª–µ–∫–æ —Ä–∞–Ω—å—à–µ —á–∞—Å—Ç–æ –µ–∑–¥–∏–ª–∏, –Ω–æ –±–æ–ª—å—à–µ –Ω–µ –±—É–¥–µ–º, –ø–ª–∞—Ç–Ω–∞—è –ø–∞—Ä–∫–æ–≤–∫–∞ - –ø—Ä–∏ —É—Ç–µ—Ä–µ —Ç–∞–ª–æ–Ω–∞ —à—Ç—Ä–∞—Ñ 500 —Ä—É–±. –Ω–∞ –≤—ã–µ–∑–¥–µ –ø—Ä–æ–±–∫–∏, –ø—Ä–æ—â–µ —Å—ä–µ–∑–¥–∏—Ç—å –≤ —Ç—Ä–æ–π–∫—É –∑–∞ —Ç–æ –∂–µ –≤—Ä–µ–º—è.",1,–ñ–∏–≤–µ–º –Ω–µ–¥–∞–ª–µ–∫–æ —Ä–∞–Ω—å—à–µ —á–∞—Å—Ç–æ –µ–∑–¥–∏–ª–∏ –Ω–æ –±–æ–ª—å—à–µ –Ω–µ –±—É–¥–µ–º –ø–ª–∞—Ç–Ω–∞—è –ø–∞—Ä–∫–æ–≤–∫–∞ - –ø—Ä–∏ —É—Ç–µ—Ä–µ —Ç–∞–ª–æ–Ω–∞ —à—Ç—Ä–∞—Ñ 500 —Ä—É–±  –Ω–∞ –≤—ã–µ–∑–¥–µ –ø—Ä–æ–±–∫–∏ –ø—Ä–æ—â–µ —Å—ä–µ–∑–¥–∏—Ç—å –≤ —Ç—Ä–æ–π–∫—É –∑–∞ —Ç–æ –∂–µ –≤—Ä–µ–º—è  ,–∂–∏—Ç—å –Ω–µ–¥–∞–ª–µ–∫–æ —Ä–∞–Ω–æ —á–∞—Å—Ç–æ –µ–∑–¥–∏—Ç—å –Ω–æ –±–æ–ª—å—à–µ –Ω–µ –±—ã—Ç—å –ø–ª–∞—Ç–Ω—ã–π –ø–∞—Ä–∫–æ–≤–∫–∞ - –ø—Ä–∏ —É—Ç–µ—Ä—è —Ç–∞–ª–æ–Ω —à—Ç—Ä–∞—Ñ 500 —Ä—É–± –Ω–∞ –≤—ã–µ–∑–¥ –ø—Ä–æ–±–∫–∞ –ø—Ä–æ—Å—Ç–æ —Å—ä–µ–∑–¥–∏—Ç—å –≤ —Ç—Ä–æ–π–∫–∞ –∑–∞ —Ç–æ—Ç –∂–µ –≤—Ä–µ–º—è
48,"–ö–∞–∫ —Å–ø–µ—Ü–∏–∞–ª—å–Ω–æ —Å–¥–µ–ª–∞–Ω–æ —Ç–∞–∫, —á—Ç–æ–±—ã –±—ã–ª–æ –Ω–µ –Ω–∞–π—Ç–∏ –≤—ã—Ö–æ–¥! –°–Ω–∞—á–∞–ª–∞ –Ω–∞ —ç—Å–∫–∞–ª–∞—Ç–æ—Ä–µ —Å–ø—É—Å–∫–∞–µ—à—å—Å—è, –Ω–µ –∑–Ω–∞—è, –≤ –∫–∞–∫–æ–µ –º–µ—Å—Ç–æ –Ω–∞ –ø–∞—Ä–∫–æ–≤–∫–µ –ø–æ–ø–∞–¥–µ—à—å, –ø–æ—Ç–æ–º –ø–æ –ø–∞—Ä–∫–æ–≤–∫–µ –µ–∑–¥–∏—à—å –∫—Ä—É–≥–∞–º–∏, –Ω–µ –∏–º–µ—è –ø–æ–Ω—è—Ç–∏—è, –≥–¥–µ —É –Ω–∏—Ö —Ç—É—Ç –≤—ã–µ–∑–¥. –ï—â—ë –∏ –ø–æ—Ç–µ—Ä—è–Ω–Ω—ã–µ –≤–µ—â–∏ –ø–æ –∫–∞–º–µ—Ä–∞–º –Ω–∏–∫—Ç–æ –æ—Ç—Å–ª–µ–∂–∏–≤–∞—Ç—å –Ω–µ –±—É–¥–µ—Ç.",1,–ö–∞–∫ —Å–ø–µ—Ü–∏–∞–ª—å–Ω–æ —Å–¥–µ–ª–∞–Ω–æ —Ç–∞–∫ —á—Ç–æ–±—ã –±—ã–ª–æ –Ω–µ –Ω–∞–π—Ç–∏ –≤—ã—Ö–æ–¥  –°–Ω–∞—á–∞–ª–∞ –Ω–∞ —ç—Å–∫–∞–ª–∞—Ç–æ—Ä–µ —Å–ø—É—Å–∫–∞–µ—à—å—Å—è –Ω–µ –∑–Ω–∞—è –≤ –∫–∞–∫–æ–µ –º–µ—Å—Ç–æ –Ω–∞ –ø–∞—Ä–∫–æ–≤–∫–µ –ø–æ–ø–∞–¥–µ—à—å –ø–æ—Ç–æ–º –ø–æ –ø–∞—Ä–∫–æ–≤–∫–µ –µ–∑–¥–∏—à—å –∫—Ä—É–≥–∞–º–∏ –Ω–µ –∏–º–µ—è –ø–æ–Ω—è—Ç–∏—è –≥–¥–µ —É –Ω–∏—Ö —Ç—É—Ç –≤—ã–µ–∑–¥  –ï—â—ë –∏ –ø–æ—Ç–µ—Ä—è–Ω–Ω—ã–µ –≤–µ—â–∏ –ø–æ –∫–∞–º–µ—Ä–∞–º –Ω–∏–∫—Ç–æ –æ—Ç—Å–ª–µ–∂–∏–≤–∞—Ç—å –Ω–µ –±—É–¥–µ—Ç  ,–∫–∞–∫ —Å–ø–µ—Ü–∏–∞–ª—å–Ω–æ —Å–¥–µ–ª–∞—Ç—å —Ç–∞–∫ —á—Ç–æ–±—ã –±—ã—Ç—å –Ω–µ –Ω–∞—Ö–æ–¥–∏—Ç—å –≤—ã—Ö–æ–¥ —Å–Ω–∞—á–∞–ª–∞ –Ω–∞ —ç—Å–∫–∞–ª–∞—Ç–æ—Ä —Å–ø—É—Å–∫–∞—Ç—å—Å—è –Ω–µ –∑–Ω–∞—Ç—å –≤ –∫–∞–∫–æ–π –º–µ—Å—Ç–æ –Ω–∞ –ø–∞—Ä–∫–æ–≤–∫–∞ –ø–æ–ø–∞–¥–∞—Ç—å –ø–æ—Ç–æ–º –ø–æ –ø–∞—Ä–∫–æ–≤–∫–∞ –µ–∑–¥–∏—Ç—å –∫—Ä—É–≥ –Ω–µ –∏–º–µ—Ç—å –ø–æ–Ω—è—Ç–∏–µ –≥–¥–µ —É –æ–Ω–∏ —Ç—É—Ç –≤—ã–µ–∑–¥ –µ—â–µ –∏ –ø–æ—Ç–µ—Ä—è—Ç—å –≤–µ—â—å –ø–æ –∫–∞–º–µ—Ä–∞ –Ω–∏–∫—Ç–æ –æ—Ç—Å–ª–µ–∂–∏–≤–∞—Ç—å –Ω–µ –±—ã—Ç—å
49,"–†–∞–Ω—å—à–µ –¥–æ –Ω–µ–≥–æ –æ—Ç –º–µ—Ç—Ä–æ —Ö–æ–¥–∏–ª–∏ –±–µ—Å–ø–ª–∞—Ç–Ω—ã–µ –∞–≤—Ç–æ–±—É—Å—ã, —Ç–µ–ø–µ—Ä—å —Ä—É–∫–æ–≤–æ–¥—Å—Ç–≤–æ —Ä–µ—à–∏–ª–æ –æ—Ç–º–µ–Ω–∏—Ç—å –∏—Ö, –≤–∏–¥–∏–º–æ, –±–æ—è–ª–∏—Å—å –ø–µ—Ä–µ–ø–ª–∞—Ç–∏—Ç—å. –ß—Ç–æ  –∂ , —É–¥–∞—Ä–∏–ª–∏ –ø–æ –∏–º–∏–¥–∂—É. –¢–µ–ø–µ—Ä—å –¥–æ–±–∏—Ä–∞—Ç—å—Å—è –¥–æ —Ç—Ü –º–æ–∂–Ω–æ –Ω–∞ –ø–µ—Ä–µ–∫–ª–∞–¥–Ω—ã—Ö, —Å –Ω–µ—É–¥–æ–±–Ω—ã–º–∏ –ø–µ—Ä–µ—Å–∞–¥–∫–∞–º–∏. –õ–∏–±–æ –≤—ã–Ω—å –∏ –æ—Ç–¥–∞–π –±–æ–º–±–∏–ª–µ —É –º–µ—Ç—Ä–æ 400—Ä, –æ–±—ã—á–Ω–æ–µ —Ç–∞–∫—Å–∏ —Ç—É–¥–∞</span><span>&hellip;",1,–†–∞–Ω—å—à–µ –¥–æ –Ω–µ–≥–æ –æ—Ç –º–µ—Ç—Ä–æ —Ö–æ–¥–∏–ª–∏ –±–µ—Å–ø–ª–∞—Ç–Ω—ã–µ –∞–≤—Ç–æ–±—É—Å—ã —Ç–µ–ø–µ—Ä—å —Ä—É–∫–æ–≤–æ–¥—Å—Ç–≤–æ —Ä–µ—à–∏–ª–æ –æ—Ç–º–µ–Ω–∏—Ç—å –∏—Ö –≤–∏–¥–∏–º–æ –±–æ—è–ª–∏—Å—å –ø–µ—Ä–µ–ø–ª–∞—Ç–∏—Ç—å  –ß—Ç–æ  –∂  —É–¥–∞—Ä–∏–ª–∏ –ø–æ –∏–º–∏–¥–∂—É  –¢–µ–ø–µ—Ä—å –¥–æ–±–∏—Ä–∞—Ç—å—Å—è –¥–æ —Ç—Ü –º–æ–∂–Ω–æ –Ω–∞ –ø–µ—Ä–µ–∫–ª–∞–¥–Ω—ã—Ö —Å –Ω–µ—É–¥–æ–±–Ω—ã–º–∏ –ø–µ—Ä–µ—Å–∞–¥–∫–∞–º–∏ ,—Ä–∞–Ω–æ –¥–æ –æ–Ω –æ—Ç –º–µ—Ç—Ä–æ —Ö–æ–¥–∏—Ç—å –±–µ—Å–ø–ª–∞—Ç–Ω—ã–π –∞–≤—Ç–æ–±—É—Å —Ç–µ–ø–µ—Ä—å —Ä—É–∫–æ–≤–æ–¥—Å—Ç–≤–æ —Ä–µ—à–∞—Ç—å –æ—Ç–º–µ–Ω—è—Ç—å –æ–Ω–∏ –≤–∏–¥–∏–º–æ –±–æ—è—Ç—å—Å—è –ø–µ—Ä–µ–ø–ª–∞—á–∏–≤–∞—Ç—å —á—Ç–æ –∂ —É–¥–∞—Ä—è—Ç—å –ø–æ –∏–º–∏–¥–∂ —Ç–µ–ø–µ—Ä—å –¥–æ–±–∏—Ä–∞—Ç—å—Å—è –¥–æ —Ç—Ü –º–æ–∂–Ω–æ –Ω–∞ –ø–µ—Ä–µ–∫–ª–∞–¥–Ω–æ–π —Å –Ω–µ—É–¥–æ–±–Ω—ã–π –ø–µ—Ä–µ—Å–∞–¥–∫–∞
50,–í –≤—ã—Ö–æ–¥–Ω—ã–µ –¥–Ω–∏ –ø–ª–∞—Ç–Ω–∞—è –ø–∞—Ä–∫–æ–≤–∫–∞! –ö–∞–∂–¥—ã–π —á–∞—Å 50 —Ä—É–±–ª–µ–π! –ü—É—Å—Ç—å —Å–∞–º–∏ –≥—É–ª—è—é—Ç –∏ —Å–æ–≤–µ—Ä—à–∞—é—Ç –ø–æ–∫—É–ø–∫–∏ –≤ —Å–≤–æ–µ–º –¢–¶!,1,–í –≤—ã—Ö–æ–¥–Ω—ã–µ –¥–Ω–∏ –ø–ª–∞—Ç–Ω–∞—è –ø–∞—Ä–∫–æ–≤–∫–∞  –ö–∞–∂–¥—ã–π —á–∞—Å 50 —Ä—É–±–ª–µ–π  –ü—É—Å—Ç—å —Å–∞–º–∏ –≥—É–ª—è—é—Ç –∏ —Å–æ–≤–µ—Ä—à–∞—é—Ç –ø–æ–∫—É–ø–∫–∏ –≤ —Å–≤–æ–µ–º –¢–¶  ,–≤ –≤—ã—Ö–æ–¥–Ω–æ–π –¥–µ–Ω—å –ø–ª–∞—Ç–Ω—ã–π –ø–∞—Ä–∫–æ–≤–∫–∞ –∫–∞–∂–¥—ã–π —á–∞—Å 50 —Ä—É–±–ª—å –ø—É—Å—Ç—å —Å–∞–º –≥—É–ª—è—Ç—å –∏ —Å–æ–≤–µ—Ä—à–∞—Ç—å –ø–æ–∫—É–ø–∫–∞ –≤ —Å–≤–æ–π —Ç—Ü
51,"–í—á–µ—Ä–∞ –±—ã–ª–∏ –≤ —ç—Ç–æ–º –¢–¶. –í —Ñ–æ–π–µ –Ω–∞ 1 —ç—Ç–∞–∂–µ 2 –º–æ–ª–æ–¥—ã—Ö —á–µ–ª–æ–≤–µ–∫–∞ —Ç–æ—Ä–≥–æ–≤–∞–ª–∏ –≤—è–∑–∞–Ω–Ω—ã–º–∏ –≤–∞—Ä–µ–∂–∫–∞–º–∏, –Ω–æ—Å–∫–∞–º–∏ –∏ –∫—É–∫–æ–ª–∫–∞–º–∏ Lol. –ö—É–ø–∏–ª–∏ –¥–µ—Ç—è–º –Ω–∞–±–æ—Ä –∏–∑ 3 –∫—É–∫–æ–ª–æ–∫. –û–Ω–∏ –≤ –∫—Ä—É–≥–ª—ã—Ö –∫–æ–∫–æ–Ω–∞—Ö. –ö–æ–≥–¥–∞ —Å–Ω—è–ª–∏ —É–ø–∞–∫–æ–≤–∫—É, –ø–æ—á—É–≤—Å—Ç–≤–æ–≤–∞–ª–∏ —Ö–∏–º–∏—á–µ—Å–∫–∏–π –∑–∞–ø–∞—Ö. –°—Ç–∞–ª–∏ —Å–ª–µ–∑–∏—Ç—å—Å—è –≥–ª–∞–∑–∞ –∏ –ø–æ—è–≤–∏–ª—Å—è –∫–∞—à–µ–ª—å. –ò –∏–∑</span><span>&hellip;",1,–í—á–µ—Ä–∞ –±—ã–ª–∏ –≤ —ç—Ç–æ–º –¢–¶  –í —Ñ–æ–π–µ –Ω–∞ 1 —ç—Ç–∞–∂–µ 2 –º–æ–ª–æ–¥—ã—Ö —á–µ–ª–æ–≤–µ–∫–∞ —Ç–æ—Ä–≥–æ–≤–∞–ª–∏ –≤—è–∑–∞–Ω–Ω—ã–º–∏ –≤–∞—Ä–µ–∂–∫–∞–º–∏ –Ω–æ—Å–∫–∞–º–∏ –∏ –∫—É–∫–æ–ª–∫–∞–º–∏ Lol  –ö—É–ø–∏–ª–∏ –¥–µ—Ç—è–º –Ω–∞–±–æ—Ä –∏–∑ 3 –∫—É–∫–æ–ª–æ–∫  –û–Ω–∏ –≤ –∫—Ä—É–≥–ª—ã—Ö –∫–æ–∫–æ–Ω–∞—Ö  –ö–æ–≥–¥–∞ —Å–Ω—è–ª–∏ —É–ø–∞–∫–æ–≤–∫—É –ø–æ—á—É–≤—Å—Ç–≤–æ–≤–∞–ª–∏ —Ö–∏–º–∏—á–µ—Å–∫–∏–π –∑–∞–ø–∞—Ö  –°—Ç–∞–ª–∏ —Å–ª–µ–∑–∏—Ç—å—Å—è –≥–ª–∞–∑–∞ –∏ –ø–æ—è–≤–∏–ª—Å—è –∫–∞—à–µ–ª—å ,–≤—á–µ—Ä–∞ –±—ã—Ç—å –≤ —ç—Ç–æ—Ç —Ç—Ü –≤ —Ñ–æ–π–µ –Ω–∞ 1 —ç—Ç–∞–∂ 2 –º–æ–ª–æ–¥–æ–π —á–µ–ª–æ–≤–µ–∫ —Ç–æ—Ä–≥–æ–≤–∞—Ç—å –≤—è–∑–∞—Ç—å –≤–∞—Ä–µ–∂–∫–∞ –Ω–æ—Å–æ–∫ –∏ –∫—É–∫–æ–ª–∫–∞ Lol –∫—É–ø–∏—Ç—å —Ä–µ–±–µ–Ω–æ–∫ –Ω–∞–±–æ—Ä –∏–∑ 3 –∫—É–∫–æ–ª–∫–∞ –æ–Ω–∏ –≤ –∫—Ä—É–≥–ª—ã–π –∫–æ–∫–æ–Ω –∫–æ–≥–¥–∞ —Å–Ω–∏–º–∞—Ç—å —É–ø–∞–∫–æ–≤–∫–∞ –ø–æ—á—É–≤—Å—Ç–≤–æ–≤–∞—Ç—å —Ö–∏–º–∏—á–µ—Å–∫–∏–π –∑–∞–ø–∞—Ö —Å—Ç–∞–Ω–æ–≤–∏—Ç—å—Å—è —Å–ª–µ–∑–∏—Ç—å—Å—è –≥–ª–∞–∑ –∏ –ø–æ—è–≤–ª—è—Ç—å—Å—è –∫–∞—à–µ–ª—å
52,"–æ—Ç–≤—Ä–∞—Ç–∏—Ç–µ–ª—å–Ω—ã–π! –Ω–µ –ø–µ—Ä–≤—ã–π —Ä–∞–∑ –Ω–∞–¥—É–º–∞—é—Ç —Å –ø–∞—Ä–∫–æ–≤–∫–æ–π. –æ–¥–∏–Ω —Ä–∞–∑ –Ω–æ—á—å—é –∑–∞—Å—Ç—Ä—è–ª —Ç–∞–ª–æ–Ω –≤ –∞–≤—Ç–æ–º–∞—Ç–µ, –∏ —è –∂–¥–∞–ª–∞ –º–∞—Å—Ç–µ—Ä–∞ 30 –º–∏–Ω—É—Ç!!!! —á—Ç–æ–±—ã –æ—Ç –æ—Ç–∫—Ä—ã–ª –µ–≥–æ –∫–ª—é—á–æ–º –∏ –¥–æ—Å—Ç–∞–ª –∫–∞—Ä—Ç—É. –≤—Ç–æ—Ä–æ–π —Ä–∞–∑ –æ–±–¥—É—Ä–∏–ª–∏ —Å –æ–ø–ª–∞—Ç–æ–π –∏ —è–∫–æ–±—ã &quot;–≤–∞–ª–∏–¥–∞—Ü–∏–µ–π&quot; –¥–≤—É—Ö —á–∞—Å–æ–≤, –∫–æ—Ç–æ—Ä—ã–µ —è –ø—Ä–æ–≤–µ–ª–∞ –Ω–∞ —Å—Ç–æ—è–Ω–∫–µ, –∑–∞–µ—Ö–∞–≤ –Ω–∞ –Ω–µ–µ –≤</span><span>&hellip;",1,–æ—Ç–≤—Ä–∞—Ç–∏—Ç–µ–ª—å–Ω—ã–π  –Ω–µ –ø–µ—Ä–≤—ã–π —Ä–∞–∑ –Ω–∞–¥—É–º–∞—é—Ç —Å –ø–∞—Ä–∫–æ–≤–∫–æ–π  –æ–¥–∏–Ω —Ä–∞–∑ –Ω–æ—á—å—é –∑–∞—Å—Ç—Ä—è–ª —Ç–∞–ª–æ–Ω –≤ –∞–≤—Ç–æ–º–∞—Ç–µ –∏ —è –∂–¥–∞–ª–∞ –º–∞—Å—Ç–µ—Ä–∞ 30 –º–∏–Ω—É—Ç        —á—Ç–æ–±—ã –æ—Ç –æ—Ç–∫—Ä—ã–ª –µ–≥–æ –∫–ª—é—á–æ–º –∏ –¥–æ—Å—Ç–∞–ª –∫–∞—Ä—Ç—É ,–æ—Ç–≤—Ä–∞—Ç–∏—Ç–µ–ª—å–Ω—ã–π –Ω–µ –ø–µ—Ä–≤—ã–π —Ä–∞–∑ –Ω–∞–¥—É–º—ã–≤–∞—Ç—å —Å –ø–∞—Ä–∫–æ–≤–∫–∞ –æ–¥–∏–Ω —Ä–∞–∑ –Ω–æ—á—å –∑–∞—Å—Ç—Ä–µ–≤–∞—Ç—å —Ç–∞–ª–æ–Ω –≤ –∞–≤—Ç–æ–º–∞—Ç –∏ —è –∂–¥–∞—Ç—å –º–∞—Å—Ç–µ—Ä 30 –º–∏–Ω—É—Ç–∞ —á—Ç–æ–±—ã –æ—Ç –æ—Ç–∫—Ä—ã–≤–∞—Ç—å –µ–≥–æ –∫–ª—é—á –∏ –¥–æ—Å—Ç–∞–≤–∞—Ç—å –∫–∞—Ä—Ç–∞
53,"–ü–µ—Ä—Å–æ–Ω–∞–ª –≥—Ä—É–±—ã–π –Ω–∞—á–∏–Ω–∞—è –æ—Ç –≥–∞—Ä–¥–µ—Ä–æ–±—â–∏—Ü –¥–æ –∞–¥–º–∏–Ω–∏—Å—Ç—Ä–∞—Ç–æ—Ä–æ–≤  –í –≥–∞—Ä–¥–µ—Ä–æ–±–µ –Ω–µ –ø—Ä–∏–Ω–∏–º–∞—é—Ç —Å—É–º–∫–∏ ! –û–≥—Ä–æ–º–Ω—ã–π –º–∏–Ω—É—Å, –ª–∞–¥–Ω–æ –µ—â—ë –º–æ–∂–Ω–æ –∑–∞–∫—Ä—ã—Ç—å –≥–ª–∞–∑–∞ –Ω–∞ –≥—Ä—É–±–æ—Å—Ç—å –∏ –ø—Ä–æ—á–µ–µ , –Ω–æ –º—ã —Ç–∞—Å–∫–∞–ª–∏—Å—å —Å –±–æ–ª—å—à–∏–º–∏ —Å—É–º–∫–∞–º–∏ –ø–æ –≤—Å–µ–º—É —Ç–æ—Ä–≥–æ–≤–æ–º—É —Ü–µ–Ω—Ç—Ä—É , –ø–∞—Ä—É —á–∞—Å–æ–≤ - –æ—Ç–¥—ã—Ö –∏ –ø–æ–∫—É–ø–∫–∏ –Ω–µ–≤–æ–∑–º–æ–∂–Ω–æ –±—ã–ª–æ –ø—Ä–æ–¥–æ–ª–∂–∏—Ç—å ",1,–ü–µ—Ä—Å–æ–Ω–∞–ª –≥—Ä—É–±—ã–π –Ω–∞—á–∏–Ω–∞—è –æ—Ç –≥–∞—Ä–¥–µ—Ä–æ–±—â–∏—Ü –¥–æ –∞–¥–º–∏–Ω–∏—Å—Ç—Ä–∞—Ç–æ—Ä–æ–≤  –í –≥–∞—Ä–¥–µ—Ä–æ–±–µ –Ω–µ –ø—Ä–∏–Ω–∏–º–∞—é—Ç —Å—É–º–∫–∏   –û–≥—Ä–æ–º–Ω—ã–π –º–∏–Ω—É—Å –ª–∞–¥–Ω–æ –µ—â—ë –º–æ–∂–Ω–æ –∑–∞–∫—Ä—ã—Ç—å –≥–ª–∞–∑–∞ –Ω–∞ –≥—Ä—É–±–æ—Å—Ç—å –∏ –ø—Ä–æ—á–µ–µ  –Ω–æ –º—ã —Ç–∞—Å–∫–∞–ª–∏—Å—å —Å –±–æ–ª—å—à–∏–º–∏ —Å—É–º–∫–∞–º–∏ –ø–æ –≤—Å–µ–º—É —Ç–æ—Ä–≥–æ–≤–æ–º—É —Ü–µ–Ω—Ç—Ä—É  –ø–∞—Ä—É —á–∞—Å–æ–≤ - –æ—Ç–¥—ã—Ö –∏ –ø–æ–∫—É–ø–∫–∏ –Ω–µ–≤–æ–∑–º–æ–∂–Ω–æ –±—ã–ª–æ –ø—Ä–æ–¥–æ–ª–∂–∏—Ç—å ,–ø–µ—Ä—Å–æ–Ω–∞–ª –≥—Ä—É–±—ã–π –Ω–∞—á–∏–Ω–∞—Ç—å –æ—Ç –≥–∞—Ä–¥–µ—Ä–æ–±—â–∏—Ü–∞ –¥–æ –∞–¥–º–∏–Ω–∏—Å—Ç—Ä–∞—Ç–æ—Ä –≤ –≥–∞—Ä–¥–µ—Ä–æ–± –Ω–µ –ø—Ä–∏–Ω–∏–º–∞—Ç—å —Å—É–º–∫–∞ –æ–≥—Ä–æ–º–Ω—ã–π –º–∏–Ω—É—Å –ª–∞–¥–Ω–æ –µ—â–µ –º–æ–∂–Ω–æ –∑–∞–∫—Ä—ã–≤–∞—Ç—å –≥–ª–∞–∑ –Ω–∞ –≥—Ä—É–±–æ—Å—Ç—å –∏ –ø—Ä–æ—á–µ–µ –Ω–æ –º—ã —Ç–∞—Å–∫–∞—Ç—å—Å—è —Å –±–æ–ª—å—à–æ–π —Å—É–º–∫–∞ –ø–æ –≤–µ—Å—å —Ç–æ—Ä–≥–æ–≤—ã–π —Ü–µ–Ω—Ç—Ä –ø–∞—Ä–∞ —á–∞—Å - –æ—Ç–¥—ã—Ö –∏ –ø–æ–∫—É–ø–∫–∞ –Ω–µ–≤–æ–∑–º–æ–∂–Ω–æ –±—ã—Ç—å –ø—Ä–æ–¥–æ–ª–∂–∞—Ç—å
54,"–°–∫–æ—Ç—Å—Ç–≤–æ —Å –ø–∞—Ä–∫–æ–≤–∫–æ–π! –ü–æ –≤—ã—Ö–æ–¥–Ω—ã–º –¥–≤–∞ —á–∞—Å–∞ –±–µ—Å–ø–ª–∞—Ç–Ω–æ-–ø–∏—à—É—Ç –æ–Ω–∏. –ù–µ—Ç, –≥–æ—Å–ø–æ–¥–∞, –Ω–µ –±–µ—Å–ø–ª–∞—Ç–Ω–æ. 07.10.2017, 16-42  –≤—ä–µ—Ö–∞–ª –Ω–∞ –ø–∞—Ä–∫–æ–≤–∫—É, 07.10.2017 18-32 –≤—ã–µ–∑–∂–∞—é- –ø—Ä–æ—Å—è—Ç –¥–æ–ø–ª–∞—Ç–∏—Ç—å. –ù–µ –∂–∞–ª–∫–æ, –Ω–æ —Å–æ–∑–¥–∞–ª–∞—Å—å –æ—á–µ—Ä–µ–¥—å, –Ω–∏–∫–∞–∫–∏—Ö —Å–æ—Ç—Ä—É–¥–Ω–∏–∫–æ–≤-–±–µ–∑–¥–µ–ª—å–Ω–∏–∫–æ–≤ –ø–æ–±–ª–∏–∑–æ—Å—Ç–∏ –Ω–µ—Ç. –ö—Ä–æ–º–µ —Ç–æ–≥–æ! –°—É–ø—Ä—É–≥–∞</span><span>&hellip;",1,–°–∫–æ—Ç—Å—Ç–≤–æ —Å –ø–∞—Ä–∫–æ–≤–∫–æ–π  –ü–æ –≤—ã—Ö–æ–¥–Ω—ã–º –¥–≤–∞ —á–∞—Å–∞ –±–µ—Å–ø–ª–∞—Ç–Ω–æ-–ø–∏—à—É—Ç –æ–Ω–∏  –ù–µ—Ç –≥–æ—Å–ø–æ–¥–∞ –Ω–µ –±–µ—Å–ø–ª–∞—Ç–Ω–æ  07  10  2017 16-42  –≤—ä–µ—Ö–∞–ª –Ω–∞ –ø–∞—Ä–∫–æ–≤–∫—É 07  10  2017 18-32 –≤—ã–µ–∑–∂–∞—é- –ø—Ä–æ—Å—è—Ç –¥–æ–ø–ª–∞—Ç–∏—Ç—å  –ù–µ –∂–∞–ª–∫–æ –Ω–æ —Å–æ–∑–¥–∞–ª–∞—Å—å –æ—á–µ—Ä–µ–¥—å –Ω–∏–∫–∞–∫–∏—Ö —Å–æ—Ç—Ä—É–¥–Ω–∏–∫–æ–≤-–±–µ–∑–¥–µ–ª—å–Ω–∏–∫–æ–≤ –ø–æ–±–ª–∏–∑–æ—Å—Ç–∏ –Ω–µ—Ç  –ö—Ä–æ–º–µ —Ç–æ–≥–æ ,—Å–∫–æ—Ç—Å—Ç–≤–æ —Å –ø–∞—Ä–∫–æ–≤–∫–∞ –ø–æ –≤—ã—Ö–æ–¥–Ω–æ–π –¥–≤–∞ —á–∞—Å –±–µ—Å–ø–ª–∞—Ç–Ω–æ - –ø–∏—Å–∞—Ç—å –æ–Ω–∏ –Ω–µ—Ç –≥–æ—Å–ø–æ–¥–∏–Ω –Ω–µ –±–µ—Å–ø–ª–∞—Ç–Ω–æ 07 10 2017 16 - 42 –≤—ä–µ–∑–∂–∞—Ç—å –Ω–∞ –ø–∞—Ä–∫–æ–≤–∫–∞ 07 10 2017 18 - 32 –≤—ã–µ–∑–∂–∞—Ç—å - –ø—Ä–æ—Å–∏—Ç—å –¥–æ–ø–ª–∞—á–∏–≤–∞—Ç—å –Ω–µ –∂–∞–ª–∫–æ –Ω–æ —Å–æ–∑–¥–∞–≤–∞—Ç—å—Å—è –æ—á–µ—Ä–µ–¥—å –Ω–∏–∫–∞–∫–æ–π —Å–æ—Ç—Ä—É–¥–Ω–∏–∫ - –±–µ–∑–¥–µ–ª—å–Ω–∏–∫ –ø–æ–±–ª–∏–∑–æ—Å—Ç–∏ –Ω–µ—Ç –∫—Ä–æ–º–µ —Ç–æ
55,"–ú–∞–≥–∞–∑–∏–Ω –≤—Ä–æ–¥–µ –Ω–æ—Ä–º–∞–ª—å–Ω—ã–π, –Ω–æ –≤—Å–µ –ø–µ—Ä–µ—á–µ—Ä–∫–∏–≤–∞–µ—Ç —ç—Ç–æ—Ç –∞—É–ª, —Ç–∞–¥–∂–∏–∫–∏, —É–∑–±–µ–∫–∏ –¥–∞ –∫–æ–≥–æ —Ç–∞–º —Ç–æ–ª—å–∫–æ –Ω–µ—Ç, –∫–æ–≥–¥–∞ –µ–¥–µ—à—å –Ω–∞ –∞–≤—Ç–æ–±—É—Å–µ —Ç–∞–∫–æ–µ –≤–ø–µ—á–∞—Ç–ª–µ–Ω–∏–µ, —á—Ç–æ —Ç—ã –Ω–µ –≤ –ú–æ—Å–∫–≤–µ, –∞ –≥–¥–µ-—Ç–æ –≤ –≥–æ—Ä–∞—Ö –µ–¥–µ—à—å –ø–æ –ø–µ—Ä–µ–≤–∞–ª—É –≤ —Å–æ—Å–µ–¥–Ω–µ–µ —Å–µ–ª–æ, –Ω–µ —Ö–≤–∞—Ç–∞–µ—Ç —Ç–æ–ª—å–∫–æ –±–∞—Ä–∞–Ω–æ–≤ –ø–æ–¥–º—ã—à–∫–∞–º–∏. –í—Å—è –ø—Ä–∏–ª–µ–≥–∞—é—â–∞—è —Ç–µ—Ä—Ä–∏—Ç–æ—Ä–∏—è</span><span>&hellip;",1,–ú–∞–≥–∞–∑–∏–Ω –≤—Ä–æ–¥–µ –Ω–æ—Ä–º–∞–ª—å–Ω—ã–π –Ω–æ –≤—Å–µ –ø–µ—Ä–µ—á–µ—Ä–∫–∏–≤–∞–µ—Ç —ç—Ç–æ—Ç –∞—É–ª —Ç–∞–¥–∂–∏–∫–∏ —É–∑–±–µ–∫–∏ –¥–∞ –∫–æ–≥–æ —Ç–∞–º —Ç–æ–ª—å–∫–æ –Ω–µ—Ç –∫–æ–≥–¥–∞ –µ–¥–µ—à—å –Ω–∞ –∞–≤—Ç–æ–±—É—Å–µ —Ç–∞–∫–æ–µ –≤–ø–µ—á–∞—Ç–ª–µ–Ω–∏–µ —á—Ç–æ —Ç—ã –Ω–µ –≤ –ú–æ—Å–∫–≤–µ –∞ –≥–¥–µ-—Ç–æ –≤ –≥–æ—Ä–∞—Ö –µ–¥–µ—à—å –ø–æ –ø–µ—Ä–µ–≤–∞–ª—É –≤ —Å–æ—Å–µ–¥–Ω–µ–µ —Å–µ–ª–æ –Ω–µ —Ö–≤–∞—Ç–∞–µ—Ç —Ç–æ–ª—å–∫–æ –±–∞—Ä–∞–Ω–æ–≤ –ø–æ–¥–º—ã—à–∫–∞–º–∏ ,–º–∞–≥–∞–∑–∏–Ω –≤—Ä–æ–¥–µ –Ω–æ—Ä–º–∞–ª—å–Ω—ã–π –Ω–æ –≤—Å–µ –ø–µ—Ä–µ—á–µ—Ä–∫–∏–≤–∞—Ç—å —ç—Ç–æ—Ç –∞—É–ª —Ç–∞–¥–∂–∏–∫ —É–∑–±–µ–∫ –¥–∞ –∫—Ç–æ —Ç–∞–º —Ç–æ–ª—å–∫–æ –Ω–µ—Ç –∫–æ–≥–¥–∞ –µ—Ö–∞—Ç—å –Ω–∞ –∞–≤—Ç–æ–±—É—Å —Ç–∞–∫–æ–π –≤–ø–µ—á–∞—Ç–ª–µ–Ω–∏–µ —á—Ç–æ —Ç—ã –Ω–µ –≤ –º–æ—Å–∫–≤–∞ –∞ –≥–¥–µ - —Ç–æ –≤ –≥–æ—Ä–∞ –µ—Ö–∞—Ç—å –ø–æ –ø–µ—Ä–µ–≤–∞–ª –≤ —Å–æ—Å–µ–¥–Ω–∏–π —Å–µ–ª–æ –Ω–µ —Ö–≤–∞—Ç–∞—Ç—å —Ç–æ–ª—å–∫–æ –±–∞—Ä–∞–Ω –ø–æ–¥–º—ã—à–∫–∞
56,"–ü–ª–∞—Ç–Ω–∞—è –ø–∞—Ä–∫–æ–≤–∫–∞ (100 —Ä—É–± –¥–∞–∂–µ –µ—Å–ª–∏ –ø–æ–ª—á–∞—Å–∞); –∫–∞—Ç–æ–∫ –º–µ–ª–∫–∏–π, –Ω–∞—Ä–æ–¥—É –º–Ω–æ–≥–æ, –ø—ã—Ç–∞—é—Ç—Å—è –ø—Ä–æ–¥–∞–≤–∞—Ç—å —Å–≤–æ–∏—Ö –∏–Ω—Å—Ç—Ä—É–∫—Ç–æ—Ä–æ–≤. –ï—Å–ª–∏ –º–∞–º–∞/–ø–∞–ø–∞ –∏–ª–∏ –µ—â–µ –∫—Ç–æ –±—É–¥–µ—Ç —É—á–∏—Ç—å —Ä–µ–±–µ–Ω–∫–∞ —Å—Ç–æ—è—Ç—å –Ω–∞ –∫–æ–Ω—å–∫–∞—Ö - —ç—Ç–æ —É–∂–µ –æ–±—É—á–µ–Ω–∏–µ, –∑–∞ –ª–µ–¥ –ø–ª–∞—Ç–∏—Ç–µ 1000 —Ä—É–± –∑–∞ –∏–Ω—Å—Ç—Ä—É–∫—Ç–æ—Ä–∞. –ë—ã–ª —Å–ª—É—á–∞–π, —á—Ç–æ –≤—ã–≥–Ω–∞–ª–∏ —á–µ–ª–æ–≤–µ–∫–∞, –∫–æ—Ç–æ—Ä—ã–π</span><span>&hellip;",1,–ü–ª–∞—Ç–Ω–∞—è –ø–∞—Ä–∫–æ–≤–∫–∞ 100 —Ä—É–± –¥–∞–∂–µ –µ—Å–ª–∏ –ø–æ–ª—á–∞—Å–∞; –∫–∞—Ç–æ–∫ –º–µ–ª–∫–∏–π –Ω–∞—Ä–æ–¥—É –º–Ω–æ–≥–æ –ø—ã—Ç–∞—é—Ç—Å—è –ø—Ä–æ–¥–∞–≤–∞—Ç—å —Å–≤–æ–∏—Ö –∏–Ω—Å—Ç—Ä—É–∫—Ç–æ—Ä–æ–≤  –ï—Å–ª–∏ –º–∞–º–∞/–ø–∞–ø–∞ –∏–ª–∏ –µ—â–µ –∫—Ç–æ –±—É–¥–µ—Ç —É—á–∏—Ç—å —Ä–µ–±–µ–Ω–∫–∞ —Å—Ç–æ—è—Ç—å –Ω–∞ –∫–æ–Ω—å–∫–∞—Ö - —ç—Ç–æ —É–∂–µ –æ–±—É—á–µ–Ω–∏–µ –∑–∞ –ª–µ–¥ –ø–ª–∞—Ç–∏—Ç–µ 1000 —Ä—É–± –∑–∞ –∏–Ω—Å—Ç—Ä—É–∫—Ç–æ—Ä–∞ ,–ø–ª–∞—Ç–Ω—ã–π –ø–∞—Ä–∫–æ–≤–∫–∞ 100 —Ä—É–± –¥–∞–∂–µ –µ—Å–ª–∏ –ø–æ–ª—á–∞—Å–∞ ; –∫–∞—Ç–æ–∫ –º–µ–ª–∫–∏–π –Ω–∞—Ä–æ–¥ –º–Ω–æ–≥–æ –ø—ã—Ç–∞—Ç—å—Å—è –ø—Ä–æ–¥–∞–≤–∞—Ç—å —Å–≤–æ–π –∏–Ω—Å—Ç—Ä—É–∫—Ç–æ—Ä –µ—Å–ª–∏ –º–∞–º–∞ / –ø–∞–ø–∞ –∏–ª–∏ –µ—â–µ –∫—Ç–æ –±—ã—Ç—å —É—á–∏—Ç—å —Ä–µ–±–µ–Ω–æ–∫ —Å—Ç–æ—è—Ç—å –Ω–∞ –∫–æ–Ω–µ–∫ - —ç—Ç–æ —É–∂–µ –æ–±—É—á–µ–Ω–∏–µ –∑–∞ –ª–µ–¥ –ø–ª–∞—Ç–∏—Ç—å 1000 —Ä—É–± –∑–∞ –∏–Ω—Å—Ç—Ä—É–∫—Ç–æ—Ä
57,"–ù–µ —Ä–∞—Å—Å—á–∏—Ç—ã–≤–∞–π—Ç–µ –Ω–∞–π—Ç–∏ –∫–∞–∫—É—é-–ª–∏–±–æ –ø—Ä–æ–ø–∞–≤—à—É—é –≤–µ—â—å –≤ –¢–¶ –ê–≤–∏–∞–ø–∞—Ä–∫ (–æ—Ç –ø–æ–∫—É–ø–æ–∫ –¥–æ –¥–æ–∫—É–º–µ–Ω—Ç–æ–≤). –†—É–∫–æ–≤–æ–¥—Å—Ç–≤–æ, —Å–ª—É–∂–±–∞ –æ—Ö—Ä–∞–Ω—ã –∏ —Å–æ—Ç—Ä—É–¥–Ω–∏–∫–∏ —Å—Ç–æ–π–∫–∏ –∏–Ω—Ñ–æ—Ä–º–∞—Ü–∏–∏ –ê–≤–∏–∞–ø–∞—Ä–∫–∞ –≤ —ç—Ç–æ–º —Å–º—ã—Å–ª–µ –ø—Ä–æ—è–≤–ª—è—é—Ç –Ω–∞–ø–ª–µ–≤–∞—Ç–µ–ª—å—Å–∫–æ–µ –æ—Ç–Ω–æ—à–µ–Ω–∏–µ –∏ –æ—Ç–∫–∞–∑—ã–≤–∞—é—Ç—Å—è —É—á–∞—Å—Ç–≤–æ–≤–∞—Ç—å –≤ –ø–æ–∏—Å–∫–∞—Ö –ø—Ä–æ–ø–∞–∂–∏, —Å—Å—ã–ª–∞—è—Å—å –Ω–∞ –ø–æ–ª–∏—Ü–∏—é. –î–ª—è</span><span>&hellip;",1,–ù–µ —Ä–∞—Å—Å—á–∏—Ç—ã–≤–∞–π—Ç–µ –Ω–∞–π—Ç–∏ –∫–∞–∫—É—é-–ª–∏–±–æ –ø—Ä–æ–ø–∞–≤—à—É—é –≤–µ—â—å –≤ –¢–¶ –ê–≤–∏–∞–ø–∞—Ä–∫ –æ—Ç –ø–æ–∫—É–ø–æ–∫ –¥–æ –¥–æ–∫—É–º–µ–Ω—Ç–æ–≤  –†—É–∫–æ–≤–æ–¥—Å—Ç–≤–æ —Å–ª—É–∂–±–∞ –æ—Ö—Ä–∞–Ω—ã –∏ —Å–æ—Ç—Ä—É–¥–Ω–∏–∫–∏ —Å—Ç–æ–π–∫–∏ –∏–Ω—Ñ–æ—Ä–º–∞—Ü–∏–∏ –ê–≤–∏–∞–ø–∞—Ä–∫–∞ –≤ —ç—Ç–æ–º —Å–º—ã—Å–ª–µ –ø—Ä–æ—è–≤–ª—è—é—Ç –Ω–∞–ø–ª–µ–≤–∞—Ç–µ–ª—å—Å–∫–æ–µ –æ—Ç–Ω–æ—à–µ–Ω–∏–µ –∏ –æ—Ç–∫–∞–∑—ã–≤–∞—é—Ç—Å—è —É—á–∞—Å—Ç–≤–æ–≤–∞—Ç—å –≤ –ø–æ–∏—Å–∫–∞—Ö –ø—Ä–æ–ø–∞–∂–∏ —Å—Å—ã–ª–∞—è—Å—å –Ω–∞ –ø–æ–ª–∏—Ü–∏—é ,–Ω–µ —Ä–∞—Å—Å—á–∏—Ç—ã–≤–∞—Ç—å –Ω–∞—Ö–æ–¥–∏—Ç—å –∫–∞–∫–æ–π - –ª–∏–±–æ –ø—Ä–æ–ø–∞–¥–∞—Ç—å –≤–µ—â—å –≤ —Ç—Ü –∞–≤–∏–∞–ø–∞—Ä–∫ –æ—Ç –ø–æ–∫—É–ø–∫–∞ –¥–æ –¥–æ–∫—É–º–µ–Ω—Ç —Ä—É–∫–æ–≤–æ–¥—Å—Ç–≤–æ —Å–ª—É–∂–±–∞ –æ—Ö—Ä–∞–Ω–∞ –∏ —Å–æ—Ç—Ä—É–¥–Ω–∏–∫ —Å—Ç–æ–π–∫–∞ –∏–Ω—Ñ–æ—Ä–º–∞—Ü–∏—è –∞–≤–∏–∞–ø–∞—Ä–∫ –≤ —ç—Ç–æ—Ç —Å–º—ã—Å–ª –ø—Ä–æ—è–≤–ª—è—Ç—å –Ω–∞–ø–ª–µ–≤–∞—Ç–µ–ª—å—Å–∫–∏–π –æ—Ç–Ω–æ—à–µ–Ω–∏–µ –∏ –æ—Ç–∫–∞–∑—ã–≤–∞—Ç—å—Å—è —É—á–∞—Å—Ç–≤–æ–≤–∞—Ç—å –≤ –ø–æ–∏—Å–∫ –ø—Ä–æ–ø–∞–∂–∞ —Å—Å—ã–ª–∞—Ç—å—Å—è –Ω–∞ –ø–æ–ª–∏—Ü–∏—è
58,"–ö —Å–∞–º–æ–º—É –¢–¶ –ê–≤–∏–∞–ø–∞—Ä–∫, —ç—Ç–æ –Ω–µ —Å–æ–≤—Å–µ–º –∫–æ–Ω–µ—á–Ω–æ –∏–º–µ–µ—Ç –æ—Ç–Ω–æ—à–µ–Ω–∏–µ, –Ω–æ –≤—Å–µ –∂–µ –∞–¥–º–∏–Ω–∏—Å—Ç—Ä–∞—Ü–∏—è –¢–¶ –æ–±—è–∑–∞–Ω–∞ —Å–ª–µ–¥–∏—Ç—å –∏ —á–µ—Ç–∫–æ –æ—Ç—Å–ª–µ–∂–∏–≤–∞—Ç—å –∞—Ä–µ–Ω–¥–∞—Ç–æ—Ä–æ–≤ –Ω–∞ –ø—Ä–µ–¥–º–µ—Ç –≤–µ–¥–µ–Ω–∏—è –Ω–µ–∑–∞–∫–æ–Ω–Ω–æ–π –¥–µ—è—Ç–µ–ª—å–Ω–æ—Å—Ç–∏, –∫–æ—Ç–æ—Ä–∞—è –ø—Ä–æ–∏—Å—Ö–æ–¥–∏—Ç –Ω–∞ —Å–¥–∞–≤–∞–µ–º—ã—Ö –∏–º–∏ –ø–ª–æ—â–∞–¥—è—Ö! –ò—Ç–∞–∫, —Ä–æ–¥–∏—Ç–µ–ª–∏ –±—É–¥—å—Ç–µ –±–¥–∏—Ç–µ–ª—å–Ω—ã –∏ –∏–º–µ–π—Ç–µ –≤–≤–∏–¥—É, —á—Ç–æ</span><span>&hellip;",1,–ö —Å–∞–º–æ–º—É –¢–¶ –ê–≤–∏–∞–ø–∞—Ä–∫ —ç—Ç–æ –Ω–µ —Å–æ–≤—Å–µ–º –∫–æ–Ω–µ—á–Ω–æ –∏–º–µ–µ—Ç –æ—Ç–Ω–æ—à–µ–Ω–∏–µ –Ω–æ –≤—Å–µ –∂–µ –∞–¥–º–∏–Ω–∏—Å—Ç—Ä–∞—Ü–∏—è –¢–¶ –æ–±—è–∑–∞–Ω–∞ —Å–ª–µ–¥–∏—Ç—å –∏ —á–µ—Ç–∫–æ –æ—Ç—Å–ª–µ–∂–∏–≤–∞—Ç—å –∞—Ä–µ–Ω–¥–∞—Ç–æ—Ä–æ–≤ –Ω–∞ –ø—Ä–µ–¥–º–µ—Ç –≤–µ–¥–µ–Ω–∏—è –Ω–µ–∑–∞–∫–æ–Ω–Ω–æ–π –¥–µ—è—Ç–µ–ª—å–Ω–æ—Å—Ç–∏ –∫–æ—Ç–æ—Ä–∞—è –ø—Ä–æ–∏—Å—Ö–æ–¥–∏—Ç –Ω–∞ —Å–¥–∞–≤–∞–µ–º—ã—Ö –∏–º–∏ –ø–ª–æ—â–∞–¥—è—Ö ,–∫ —Å–∞–º —Ç—Ü –∞–≤–∏–∞–ø–∞—Ä–∫ —ç—Ç–æ –Ω–µ —Å–æ–≤—Å–µ–º –∫–æ–Ω–µ—á–Ω–æ –∏–º–µ—Ç—å –æ—Ç–Ω–æ—à–µ–Ω–∏–µ –Ω–æ –≤—Å–µ –∂–µ –∞–¥–º–∏–Ω–∏—Å—Ç—Ä–∞—Ü–∏—è —Ç—Ü –æ–±—è–∑–∞–Ω–Ω—ã–π —Å–ª–µ–¥–∏—Ç—å –∏ —á–µ—Ç–∫–æ –æ—Ç—Å–ª–µ–∂–∏–≤–∞—Ç—å –∞—Ä–µ–Ω–¥–∞—Ç–æ—Ä –Ω–∞ –ø—Ä–µ–¥–º–µ—Ç –≤–µ–¥–µ–Ω–∏–µ –Ω–µ–∑–∞–∫–æ–Ω–Ω—ã–π –¥–µ—è—Ç–µ–ª—å–Ω–æ—Å—Ç—å –∫–æ—Ç–æ—Ä—ã–π –ø—Ä–æ–∏—Å—Ö–æ–¥–∏—Ç—å –Ω–∞ —Å–¥–∞–≤–∞—Ç—å –æ–Ω–∏ –ø–ª–æ—â–∞–¥—å
59,"–û–∫–æ–ª–æ —Ç–æ—Ä–≥–æ–≤–æ–≥–æ –¥–≤–æ—Ä–∏–∫–∞ –µ—Å—Ç—å –Ω–µ–±–æ–ª—å—à–∞—è —Å—Ç–æ–π–∫–∞ —Å –≤–∏—Ä—Ç—É–∞–ª—å–Ω–æ–π —Ä–µ–∞–ª—å–Ω–æ—Å—Ç—å—é.  20 —è–Ω–≤–∞—Ä—è , —Å–æ—Ç—Ä—É–¥–Ω–∏–∫ —ç—Ç–æ–π –≤–∏—Ä—Ç—É–∞–ª—å–Ω–æ–π —Ä–µ–∞–ª—å–Ω–æ—Å—Ç–∏ —Å–æ–≤–µ—Ä—à–µ–Ω–Ω–æ –Ω–∞–≥–ª–æ —Ä–µ—à–∏–ª –Ω–µ –æ—Ç–¥–∞–≤–∞—Ç—å –º–Ω–µ —Å–¥–∞—á—É . –£—Å–ª—É–≥–∞ —Å—Ç–æ–∏—Ç –Ω–∞ 1 —á–µ–ª–æ–≤–µ–∫–∞ 300 —Ä—É–±–ª–µ–π ,—è –¥–∞–ª–∞ –µ–º—É —Ç—ã—Å—è—á—É C–¥–∞—á—É –æ–Ω –º–Ω–µ –¥–∞–ª 200 —Ä—É–±–ª–µ–π. –ù–∞ –≤–æ–ø—Ä–æ—Å –≥–¥–µ</span><span>&hellip;",1,–û–∫–æ–ª–æ —Ç–æ—Ä–≥–æ–≤–æ–≥–æ –¥–≤–æ—Ä–∏–∫–∞ –µ—Å—Ç—å –Ω–µ–±–æ–ª—å—à–∞—è —Å—Ç–æ–π–∫–∞ —Å –≤–∏—Ä—Ç—É–∞–ª—å–Ω–æ–π —Ä–µ–∞–ª—å–Ω–æ—Å—Ç—å—é  20 —è–Ω–≤–∞—Ä—è  —Å–æ—Ç—Ä—É–¥–Ω–∏–∫ —ç—Ç–æ–π –≤–∏—Ä—Ç—É–∞–ª—å–Ω–æ–π —Ä–µ–∞–ª—å–Ω–æ—Å—Ç–∏ —Å–æ–≤–µ—Ä—à–µ–Ω–Ω–æ –Ω–∞–≥–ª–æ —Ä–µ—à–∏–ª –Ω–µ –æ—Ç–¥–∞–≤–∞—Ç—å –º–Ω–µ —Å–¥–∞—á—É   –£—Å–ª—É–≥–∞ —Å—Ç–æ–∏—Ç –Ω–∞ 1 —á–µ–ª–æ–≤–µ–∫–∞ 300 —Ä—É–±–ª–µ–π —è –¥–∞–ª–∞ –µ–º—É —Ç—ã—Å—è—á—É C–¥–∞—á—É –æ–Ω –º–Ω–µ –¥–∞–ª 200 —Ä—É–±–ª–µ–π ,–æ–∫–æ–ª–æ —Ç–æ—Ä–≥–æ–≤—ã–π –¥–≤–æ—Ä–∏–∫ –±—ã—Ç—å –Ω–µ–±–æ–ª—å—à–æ–π —Å—Ç–æ–π–∫–∞ —Å –≤–∏—Ä—Ç—É–∞–ª—å–Ω—ã–π —Ä–µ–∞–ª—å–Ω–æ—Å—Ç—å 20 —è–Ω–≤–∞—Ä—å —Å–æ—Ç—Ä—É–¥–Ω–∏–∫ —ç—Ç–æ—Ç –≤–∏—Ä—Ç—É–∞–ª—å–Ω—ã–π —Ä–µ–∞–ª—å–Ω–æ—Å—Ç—å —Å–æ–≤–µ—Ä—à–µ–Ω–Ω–æ –Ω–∞–≥–ª–æ —Ä–µ—à–∞—Ç—å –Ω–µ –æ—Ç–¥–∞–≤–∞—Ç—å —è —Å–¥–∞—á–∞ —É—Å–ª—É–≥–∞ —Å—Ç–æ—è—Ç—å –Ω–∞ 1 —á–µ–ª–æ–≤–µ–∫ 300 —Ä—É–±–ª—å —è –¥–∞–≤–∞—Ç—å –æ–Ω —Ç—ã—Å—è—á–∞ —Å–¥–∞—á–∞ –æ–Ω —è –¥–∞–≤–∞—Ç—å 200 —Ä—É–±–ª—å
60,"–¶–µ–Ω–∞ –æ—Ç–∫—Ä–æ–≤–µ–Ω–Ω–æ –∑–∞–≤—ã—à–µ–Ω–∞. 200-400 —Ä—É–± –∑–∞ 2-3 –º–∏–Ω—É—Ç—ã &quot;–ø—É–ª—è–Ω–∏—è&quot; –≤ –Ω–∞—Ä–∏—Å–æ–≤–∞–Ω–Ω—ã—Ö —É—Ä–æ–¥—Ü–µ–≤ ? –ò–∑ –Ω–∞–ø–æ–ª–æ–≤–∏–Ω—É –Ω–µ —Ä–∞–±–æ—Ç–∞—é—â–∏—Ö –ø–∏—Å—Ç–æ–ª–µ—Ç–æ–≤ ? –£–≤–æ–ª—å—Ç–µ. 2 &quot;–ø–∏—Ä–∞—Ç—Å–∫–∏—Ö&quot; —Ç–∏—Ä–∞ —Å–¥–µ–ª–∞–Ω—ã –Ω–µ–ø–æ–Ω—è—Ç–Ω–æ –¥–ª—è –∫–æ–≥–æ. –î–∞—Ç—á–∏–∫–∏ —Ä–∞–±–æ—Ç–∞—é—Ç –Ω–µ —Ç–æ—á–Ω–æ, —Ä–µ–±–µ–Ω–æ–∫ —Ç—Ä–∞—Ç–∏—Ç 1-2 –º–∏–Ω—É—Ç—ã, —á—Ç–æ–±—ã —Ä–∞–∑–æ–±—Ä–∞—Ç—å—Å—è, –∫–∞–∫ –≤–æ–æ–±—â–µ —Ä–∞–±–æ—Ç–∞—é—Ç</span><span>&hellip;",1,–¶–µ–Ω–∞ –æ—Ç–∫—Ä–æ–≤–µ–Ω–Ω–æ –∑–∞–≤—ã—à–µ–Ω–∞  200-400 —Ä—É–± –∑–∞ 2-3 –º–∏–Ω—É—Ç—ã  –ø—É–ª—è–Ω–∏—è  –≤ –Ω–∞—Ä–∏—Å–æ–≤–∞–Ω–Ω—ã—Ö —É—Ä–æ–¥—Ü–µ–≤   –ò–∑ –Ω–∞–ø–æ–ª–æ–≤–∏–Ω—É –Ω–µ —Ä–∞–±–æ—Ç–∞—é—â–∏—Ö –ø–∏—Å—Ç–æ–ª–µ—Ç–æ–≤   –£–≤–æ–ª—å—Ç–µ  2  –ø–∏—Ä–∞—Ç—Å–∫–∏—Ö  —Ç–∏—Ä–∞ —Å–¥–µ–ª–∞–Ω—ã –Ω–µ–ø–æ–Ω—è—Ç–Ω–æ –¥–ª—è –∫–æ–≥–æ ,—Ü–µ–Ω–∞ –æ—Ç–∫—Ä–æ–≤–µ–Ω–Ω–æ –∑–∞–≤—ã—à–∞—Ç—å 200 - 400 —Ä—É–± –∑–∞ 2 - 3 –º–∏–Ω—É—Ç–∞ –ø—É–ª—è–Ω–∏–µ –≤ –Ω–∞—Ä–∏—Å–æ–≤–∞—Ç—å —É—Ä–æ–¥–µ—Ü –∏–∑ –Ω–∞–ø–æ–ª–æ–≤–∏–Ω—É –Ω–µ —Ä–∞–±–æ—Ç–∞—Ç—å –ø–∏—Å—Ç–æ–ª–µ—Ç —É–≤–æ–ª—å–Ω—è—Ç—å 2 –ø–∏—Ä–∞—Ç—Å–∫–∏–π —Ç–∏—Ä —Å–¥–µ–ª–∞—Ç—å –Ω–µ–ø–æ–Ω—è—Ç–Ω–æ –¥–ª—è –∫—Ç–æ
61,"–ú—ã —Å –º—É–∂–µ–º –µ–∑–¥–∏–º –∑–∞–∫—É–ø–∞—Ç—å—Å—è –≤ —ç—Ç–æ—Ç —Ç—Ü –ø–æ—á—Ç–∏ –∫–∞–∂–¥—É—é –Ω–µ–¥–µ–ª—é, –∞ –Ω–µ–¥–∞–≤–Ω–æ –Ω–∞—Å —ç—Ç–æ–π –≤–æ–∑–º–æ–∂–Ω–æ—Å—Ç–∏ –Ω–µ–º–Ω–æ–≥–æ –ª–∏—à–∏–ª–∏, —É–±—Ä–∞–ª–∏ –±–µ—Å–ø–ª–∞—Ç–Ω—ã–π –º–∞—Ä—à—Ä—É—Ç –¥–æ —Ç—Ü, –ª–∞–¥–Ω–æ –µ—Å–ª–∏ –±—ã –≤–≤–µ–ª–∏ –ø–ª–∞—Ç–Ω—ã–µ –º–∞—Ä—à—Ä—É—Ç—ã, –Ω–æ –Ω–µ—Ç –∂–µ!! –¢–µ–ø–µ—Ä—å –Ω–∞–º –µ–∑–¥–∏—Ç—å —Ç—É–¥–∞ –æ—á–µ–Ω—å –Ω–µ –∫–æ–º—Ñ–æ—Ä—Ç–Ω–æ, —Ç–∞–∫ –∫–∞–∫ –≤–æ–∑–≤—Ä–∞—â–∞–µ–º—Å—è –≤—Å–µ–≥–¥–∞ —Å —Ç—è–∂–µ–ª—ã–º–∏</span><span>&hellip;",1,–ú—ã —Å –º—É–∂–µ–º –µ–∑–¥–∏–º –∑–∞–∫—É–ø–∞—Ç—å—Å—è –≤ —ç—Ç–æ—Ç —Ç—Ü –ø–æ—á—Ç–∏ –∫–∞–∂–¥—É—é –Ω–µ–¥–µ–ª—é –∞ –Ω–µ–¥–∞–≤–Ω–æ –Ω–∞—Å —ç—Ç–æ–π –≤–æ–∑–º–æ–∂–Ω–æ—Å—Ç–∏ –Ω–µ–º–Ω–æ–≥–æ –ª–∏—à–∏–ª–∏ —É–±—Ä–∞–ª–∏ –±–µ—Å–ø–ª–∞—Ç–Ω—ã–π –º–∞—Ä—à—Ä—É—Ç –¥–æ —Ç—Ü –ª–∞–¥–Ω–æ –µ—Å–ª–∏ –±—ã –≤–≤–µ–ª–∏ –ø–ª–∞—Ç–Ω—ã–µ –º–∞—Ä—à—Ä—É—Ç—ã –Ω–æ –Ω–µ—Ç –∂–µ   ,–º—ã —Å –º—É–∂ –µ–∑–¥–∏—Ç—å –∑–∞–∫—É–ø–∞—Ç—å—Å—è –≤ —ç—Ç–æ—Ç —Ç—Ü –ø–æ—á—Ç–∏ –∫–∞–∂–¥—ã–π –Ω–µ–¥–µ–ª—è –∞ –Ω–µ–¥–∞–≤–Ω–æ –º—ã —ç—Ç–æ—Ç –≤–æ–∑–º–æ–∂–Ω–æ—Å—Ç—å –Ω–µ–º–Ω–æ–≥–æ –ª–∏—à–∞—Ç—å —É–±–∏—Ä–∞—Ç—å –±–µ—Å–ø–ª–∞—Ç–Ω—ã–π –º–∞—Ä—à—Ä—É—Ç –¥–æ —Ç—Ü –ª–∞–¥–Ω–æ –µ—Å–ª–∏ –±—ã –≤–≤–æ–¥–∏—Ç—å –ø–ª–∞—Ç–Ω—ã–π –º–∞—Ä—à—Ä—É—Ç –Ω–æ –Ω–µ—Ç –∂–µ
62,"–û–≥—Ä–æ–º–Ω—ã–π, –±–µ—Å—Ç–æ–ª–∫–æ–≤—ã–π —Ç–æ—Ä–≥–æ–≤—ã–π —Ü–µ–Ω—Ç—Ä. –†-—Ä–∞–∑–æ—á–∞—Ä–æ–≤–∞–Ω–∏–µ. –ü–æ–µ—Ö–∞–ª–∏ –ø–æ–∫—É–ø–∞—Ç—å —Ä–µ–±–µ–Ω–∫—É –æ–±—É–≤—å –Ω–∞ –æ—Å–µ–Ω—å, —á—Ç–æ —Å–µ–π—á–∞—Å –æ—á–µ–Ω—å –∞–∫—Ç—É–∞–ª—å–Ω–æ. –í –∏—Ç–æ–≥–µ –æ–±–æ—à–ª–∏ 4 —ç—Ç–∞–∂–∞ –∏ –Ω–∏ –æ–¥–Ω–æ–≥–æ –º–∞–≥–∞–∑–∏–Ω–∞ —Å –æ–±—É–≤—å—é –Ω–µ –Ω–∞—à–ª–∏! –ù–∏ –æ–¥–Ω–æ–≥–æ –ù–û–†–ú–ê–õ–¨–ù–û–ì–û –º–∞–≥–∞–∑–∏–Ω–∞, –∞ –Ω–µ –∫–∏—Ç–∞–π—Å–∫—É—é –æ–±—É–≤—å, —è –∏–º–µ—é –≤ –≤–∏–¥—É. –ó—Ä—è –ø–æ—Ç—Ä–∞—Ç–∏–ª–∏ –≤—Ä–µ–º—è,</span><span>&hellip;",1,–û–≥—Ä–æ–º–Ω—ã–π –±–µ—Å—Ç–æ–ª–∫–æ–≤—ã–π —Ç–æ—Ä–≥–æ–≤—ã–π —Ü–µ–Ω—Ç—Ä  –†-—Ä–∞–∑–æ—á–∞—Ä–æ–≤–∞–Ω–∏–µ  –ü–æ–µ—Ö–∞–ª–∏ –ø–æ–∫—É–ø–∞—Ç—å —Ä–µ–±–µ–Ω–∫—É –æ–±—É–≤—å –Ω–∞ –æ—Å–µ–Ω—å —á—Ç–æ —Å–µ–π—á–∞—Å –æ—á–µ–Ω—å –∞–∫—Ç—É–∞–ª—å–Ω–æ  –í –∏—Ç–æ–≥–µ –æ–±–æ—à–ª–∏ 4 —ç—Ç–∞–∂–∞ –∏ –Ω–∏ –æ–¥–Ω–æ–≥–æ –º–∞–≥–∞–∑–∏–Ω–∞ —Å –æ–±—É–≤—å—é –Ω–µ –Ω–∞—à–ª–∏  –ù–∏ –æ–¥–Ω–æ–≥–æ –ù–û–†–ú–ê–õ–¨–ù–û–ì–û –º–∞–≥–∞–∑–∏–Ω–∞ –∞ –Ω–µ –∫–∏—Ç–∞–π—Å–∫—É—é –æ–±—É–≤—å —è –∏–º–µ—é –≤ –≤–∏–¥—É ,–æ–≥—Ä–æ–º–Ω—ã–π –±–µ—Å—Ç–æ–ª–∫–æ–≤—ã–π —Ç–æ—Ä–≥–æ–≤—ã–π —Ü–µ–Ω—Ç—Ä —Ä - —Ä–∞–∑–æ—á–∞—Ä–æ–≤–∞–Ω–∏–µ –ø–æ–µ—Ö–∞—Ç—å –ø–æ–∫—É–ø–∞—Ç—å —Ä–µ–±–µ–Ω–æ–∫ –æ–±—É–≤—å –Ω–∞ –æ—Å–µ–Ω—å —á—Ç–æ —Å–µ–π—á–∞—Å –æ—á–µ–Ω—å –∞–∫—Ç—É–∞–ª—å–Ω–æ –≤ –∏—Ç–æ–≥ –æ–±—Ö–æ–¥–∏—Ç—å 4 —ç—Ç–∞–∂ –∏ –Ω–∏ –æ–¥–∏–Ω –º–∞–≥–∞–∑–∏–Ω —Å –æ–±—É–≤—å –Ω–µ –Ω–∞—Ö–æ–¥–∏—Ç—å –Ω–∏ –æ–¥–∏–Ω –Ω–æ—Ä–º–∞–ª—å–Ω—ã–π –º–∞–≥–∞–∑–∏–Ω –∞ –Ω–µ –∫–∏—Ç–∞–π—Å–∫–∏–π –æ–±—É–≤—å —è –∏–º–µ—Ç—å –≤ –≤–∏–¥
63,"–û–¥–Ω–∏ —Ç–∞–¥–∂–∏–∫–∏, —É–∑–±–µ–∫–∏ –ø—Ä–∏–µ–∑–∂–∞—é—â–∏–µ –Ω–∞ –±–µ—Å–ø–ª–∞—Ç–Ω—ã—Ö –∞–≤—Ç–æ–±—É—Å–∞—Ö –≤ –ê–®–ê–ù. –ù–µ—Ç –Ω–æ—Ä–º–∞–ª—å–Ω—ã—Ö –º–∞–≥–∞–∑–∏–Ω–æ–≤, —Å–∫—É—á–Ω–æ. –ê–∫–≤–∞—Ä–∏—É–º –∫–∞–∫ —Ç—Ä—É–±–∞, –∞–±—Å–æ–ª—é—Ç–Ω–æ –±–µ–∑–≤–∫—É—Å–Ω–æ –≤—Å—ë.",1,–û–¥–Ω–∏ —Ç–∞–¥–∂–∏–∫–∏ —É–∑–±–µ–∫–∏ –ø—Ä–∏–µ–∑–∂–∞—é—â–∏–µ –Ω–∞ –±–µ—Å–ø–ª–∞—Ç–Ω—ã—Ö –∞–≤—Ç–æ–±—É—Å–∞—Ö –≤ –ê–®–ê–ù  –ù–µ—Ç –Ω–æ—Ä–º–∞–ª—å–Ω—ã—Ö –º–∞–≥–∞–∑–∏–Ω–æ–≤ —Å–∫—É—á–Ω–æ  –ê–∫–≤–∞—Ä–∏—É–º –∫–∞–∫ —Ç—Ä—É–±–∞ –∞–±—Å–æ–ª—é—Ç–Ω–æ –±–µ–∑–≤–∫—É—Å–Ω–æ –≤—Å—ë  ,–æ–¥–∏–Ω —Ç–∞–¥–∂–∏–∫ —É–∑–±–µ–∫ –ø—Ä–∏–µ–∑–∂–∞—Ç—å –Ω–∞ –±–µ—Å–ø–ª–∞—Ç–Ω—ã–π –∞–≤—Ç–æ–±—É—Å –≤ –∞—à–∞–Ω –Ω–µ—Ç –Ω–æ—Ä–º–∞–ª—å–Ω—ã–π –º–∞–≥–∞–∑–∏–Ω —Å–∫—É—á–Ω–æ –∞–∫–≤–∞—Ä–∏—É–º –∫–∞–∫ —Ç—Ä—É–±–∞ –∞–±—Å–æ–ª—é—Ç–Ω–æ –±–µ–∑–≤–∫—É—Å–Ω—ã–π –≤—Å–µ
64,"–û—Ç–≤—Ä–∞—Ç–∏—Ç–µ–ª—å–Ω–æ. –° —ç–Ω—Ç—É–∑–∏–∞–∑–º–æ–º –ø—Ä–∏–Ω—è–ª–∏ —Ç–æ —á—Ç–æ –Ω–µ—Ç –≤–æ–¥—ã, —Å–æ–æ—Ç–≤–µ—Ç—Å–≤–µ–Ω–Ω–æ —á–∞—è –∏ –∫–æ—Ñ–µ. –î–∞–ª–µ–µ –∂–¥–∞–ª–∏ –∫–æ–≥–¥–∞ –æ–±—Å–ª—É–∂–∞—Ç. –ê —ç—Ç–æ –≤—Ç–æ—Ä–Ω–∏–∫ 12:00 –¥–Ω—è))). –ê –∫–æ–≥–¥–∞ –ø—Ä–∏–Ω–µ—Å–ª–∏ —Ä–æ–ª—ã –≤—Å–µ —Å—Ç–∞–ª–æ –Ω–∞ —Å–≤–æ–∏ –º–µ—Å—Ç–∞. –û–±—Ö–æ–¥–∏—Ç–µ —Å—Ç–æ—Ä–æ–Ω–æ–π!!! –ë–µ–≥–∏—Ç–µ –ø–æ–¥–∞–ª—å—à–µ!!!",1,–û—Ç–≤—Ä–∞—Ç–∏—Ç–µ–ª—å–Ω–æ  –° —ç–Ω—Ç—É–∑–∏–∞–∑–º–æ–º –ø—Ä–∏–Ω—è–ª–∏ —Ç–æ —á—Ç–æ –Ω–µ—Ç –≤–æ–¥—ã —Å–æ–æ—Ç–≤–µ—Ç—Å–≤–µ–Ω–Ω–æ —á–∞—è –∏ –∫–æ—Ñ–µ  –î–∞–ª–µ–µ –∂–¥–∞–ª–∏ –∫–æ–≥–¥–∞ –æ–±—Å–ª—É–∂–∞—Ç  –ê —ç—Ç–æ –≤—Ç–æ—Ä–Ω–∏–∫ 12:00 –¥–Ω—è  –ê –∫–æ–≥–¥–∞ –ø—Ä–∏–Ω–µ—Å–ª–∏ —Ä–æ–ª—ã –≤—Å–µ —Å—Ç–∞–ª–æ –Ω–∞ —Å–≤–æ–∏ –º–µ—Å—Ç–∞  –û–±—Ö–æ–¥–∏—Ç–µ —Å—Ç–æ—Ä–æ–Ω–æ–π      –ë–µ–≥–∏—Ç–µ –ø–æ–¥–∞–ª—å—à–µ      ,–æ—Ç–≤—Ä–∞—Ç–∏—Ç–µ–ª—å–Ω–æ —Å —ç–Ω—Ç—É–∑–∏–∞–∑–º –ø—Ä–∏–Ω–∏–º–∞—Ç—å —Ç–æ —á—Ç–æ –Ω–µ—Ç –≤–æ–¥–∞ —Å–æ–æ—Ç–≤–µ—Ç—Å–≤–µ–Ω–Ω–æ —á–∞–π –∏ –∫–æ—Ñ–µ –¥–∞–ª–µ–µ –∂–¥–∞—Ç—å –∫–æ–≥–¥–∞ –æ–±—Å–ª—É–∂–∏–≤–∞—Ç—å –∞ —ç—Ç–æ –≤—Ç–æ—Ä–Ω–∏–∫ 12 : 00 –¥–µ–Ω—å –∞ –∫–æ–≥–¥–∞ –ø—Ä–∏–Ω–æ—Å–∏—Ç—å —Ä–æ–ª –≤—Å–µ —Å—Ç–∞–Ω–æ–≤–∏—Ç—å—Å—è –Ω–∞ —Å–≤–æ–π –º–µ—Å—Ç–æ –æ–±—Ö–æ–¥–∏—Ç—å —Å—Ç–æ—Ä–æ–Ω–∞ –±–µ–∂–∞—Ç—å –¥–∞–ª–µ–∫–æ
65,"–ü–æ—Å–µ—â–∞—Ç—å –¥–∞–Ω–Ω—ã–π —Ç—Ü –ø–æ–∫–∞ –æ–ø–∞—Å–Ω–æ –¥–ª—è –∂–∏–∑–Ω–∏. –ù–∞ –ø–∞—Ä–∫–æ–≤–∫–µ –±—ã–ª –æ—Ç–∫—Ä—ã—Ç –∫–∞–Ω–∞–ª–∏–∑–∞—Ü–∏–æ–Ω–Ω—ã–π –ª—é–∫.  –ù–∏—á–µ–º –Ω–µ –æ–≥–æ—Ä–æ–∂–µ–Ω. –û—Ç–¥–µ–ª—å–Ω—ã–µ —á–∞—Å—Ç–∏ –ª—é–∫–∞ –≤–∞–ª—è–ª–∏—Å—å –Ω–∞ –¥–æ—Ä–æ–≥–µ. –í —Ä–µ–∑—É–ª—å—Ç–∞—Ç–µ –∫–æ–ª–µ—Å–æ –º–∞—à–∏–Ω—ã –ø–æ–ø–∞–ª–∞ –≤ —Å–æ—Å—Ç–∞–≤–Ω—É—é —á–∞—Å—Ç—å –¥–∞–Ω–Ω–æ–≥–æ –ª—é–∫–∞. –ü–æ—Ç—Ä–µ–±–æ–∞–≤–ª–æ—Å—å –Ω–µ—Å–∫–æ–ª—å–∫–æ —á–∞—Å–æ–≤, —á—Ç–æ–±—ã –æ—Å–≤–æ–±–æ–¥–∏—Ç—å –º–∞—à–∏–Ω—É. ",1,–ü–æ—Å–µ—â–∞—Ç—å –¥–∞–Ω–Ω—ã–π —Ç—Ü –ø–æ–∫–∞ –æ–ø–∞—Å–Ω–æ –¥–ª—è –∂–∏–∑–Ω–∏  –ù–∞ –ø–∞—Ä–∫–æ–≤–∫–µ –±—ã–ª –æ—Ç–∫—Ä—ã—Ç –∫–∞–Ω–∞–ª–∏–∑–∞—Ü–∏–æ–Ω–Ω—ã–π –ª—é–∫  –ù–∏—á–µ–º –Ω–µ –æ–≥–æ—Ä–æ–∂–µ–Ω  –û—Ç–¥–µ–ª—å–Ω—ã–µ —á–∞—Å—Ç–∏ –ª—é–∫–∞ –≤–∞–ª—è–ª–∏—Å—å –Ω–∞ –¥–æ—Ä–æ–≥–µ  –í —Ä–µ–∑—É–ª—å—Ç–∞—Ç–µ –∫–æ–ª–µ—Å–æ –º–∞—à–∏–Ω—ã –ø–æ–ø–∞–ª–∞ –≤ —Å–æ—Å—Ç–∞–≤–Ω—É—é —á–∞—Å—Ç—å –¥–∞–Ω–Ω–æ–≥–æ –ª—é–∫–∞  –ü–æ—Ç—Ä–µ–±–æ–∞–≤–ª–æ—Å—å –Ω–µ—Å–∫–æ–ª—å–∫–æ —á–∞—Å–æ–≤ —á—Ç–æ–±—ã –æ—Å–≤–æ–±–æ–¥–∏—Ç—å –º–∞—à–∏–Ω—É  ,–ø–æ—Å–µ—â–∞—Ç—å –¥–∞–Ω–Ω—ã–π —Ç—Ü –ø–æ–∫–∞ –æ–ø–∞—Å–Ω—ã–π –¥–ª—è –∂–∏–∑–Ω—å –Ω–∞ –ø–∞—Ä–∫–æ–≤–∫–∞ –±—ã—Ç—å –æ—Ç–∫—Ä—ã–≤–∞—Ç—å –∫–∞–Ω–∞–ª–∏–∑–∞—Ü–∏–æ–Ω–Ω—ã–π –ª—é–∫ –Ω–∏—á—Ç–æ –Ω–µ –æ–≥–æ—Ä–∞–∂–∏–≤–∞—Ç—å –æ—Ç–¥–µ–ª—å–Ω—ã–π —á–∞—Å—Ç—å –ª—é–∫ –≤–∞–ª—è—Ç—å—Å—è –Ω–∞ –¥–æ—Ä–æ–≥–∞ –≤ —Ä–µ–∑—É–ª—å—Ç–∞—Ç –∫–æ–ª–µ—Å–æ –º–∞—à–∏–Ω–∞ –ø–æ–ø–∞–¥–∞—Ç—å –≤ —Å–æ—Å—Ç–∞–≤–Ω–æ–π —á–∞—Å—Ç—å –¥–∞–Ω–Ω—ã–π –ª—é–∫ –ø–æ—Ç—Ä–µ–±–æ–∞–≤–ª–æ—Å—å –Ω–µ—Å–∫–æ–ª—å–∫–æ —á–∞—Å —á—Ç–æ–±—ã –æ—Å–≤–æ–±–æ–∂–¥–∞—Ç—å –º–∞—à–∏–Ω–∞
66,"–î–∞–Ω–Ω—ã–π –±–∞—Ä –Ω–∞—Ö–æ–¥–∏—Ç—Å—è –≤ —Ü–µ–Ω—Ç—Ä–∞–ª—å–Ω–æ–º –¥–µ—Ç—Å–∫–æ–º –º–∞–≥–∞–∑–∏–Ω–µ, —ç—Ç–æ –ø–∞—Ä–∞–¥–æ–∫—Å , –Ω–æ –¥–∞–Ω–Ω–æ–µ –∑–∞–≤–µ–¥–µ–Ω–∏–µ –Ω–µ –∏–º–µ–µ—Ç –¥–µ—Ç—Å–∫–∏—Ö –∫—Ä–µ—Å–µ–ª.....",1,–î–∞–Ω–Ω—ã–π –±–∞—Ä –Ω–∞—Ö–æ–¥–∏—Ç—Å—è –≤ —Ü–µ–Ω—Ç—Ä–∞–ª—å–Ω–æ–º –¥–µ—Ç—Å–∫–æ–º –º–∞–≥–∞–∑–∏–Ω–µ —ç—Ç–æ –ø–∞—Ä–∞–¥–æ–∫—Å  –Ω–æ –¥–∞–Ω–Ω–æ–µ –∑–∞–≤–µ–¥–µ–Ω–∏–µ –Ω–µ –∏–º–µ–µ—Ç –¥–µ—Ç—Å–∫–∏—Ö –∫—Ä–µ—Å–µ–ª          ,–¥–∞–Ω–Ω—ã–π –±–∞—Ä –Ω–∞—Ö–æ–¥–∏—Ç—å—Å—è –≤ —Ü–µ–Ω—Ç—Ä–∞–ª—å–Ω—ã–π –¥–µ—Ç—Å–∫–∏–π –º–∞–≥–∞–∑–∏–Ω —ç—Ç–æ –ø–∞—Ä–∞–¥–æ–∫—Å –Ω–æ –¥–∞–Ω–Ω—ã–π –∑–∞–≤–µ–¥–µ–Ω–∏–µ –Ω–µ –∏–º–µ—Ç—å –¥–µ—Ç—Å–∫–∏–π –∫—Ä–µ—Å–ª–æ
67,"–ü–µ—Ä–µ–¥ —Ç–µ–º, –∫–∞–∫ –ø—Ä–∏—Ö–æ–¥–∏—Ç—å —Å —Ä–µ–±–µ–Ω–∫–æ–º, —Ä–µ—à–∏–ª–∞ —Å–Ω–∞—á–∞–ª–∞ —Å–∞–º–∞ –≤—Å—ë –ø–æ—Å–º–æ—Ç—Ä–µ—Ç—å. –£–∂–∞—Å! –ú–∞–ª–æ —Ç–æ–≥–æ, —á—Ç–æ –≤—Å–µ –ø–æ–¥—Ö–æ–¥—ã –∫ –º–∞–≥–∞–∑–∏–Ω—É –ø–µ—Ä–µ–∫–æ–ø–∞–Ω—ã, —Å –∫–æ–ª—è—Å–∫–æ–π –∏ –±–µ–∑ –Ω–µ–µ —Ä–µ–±–µ–Ω–∫–∞ –ø—Ä–∏–≤–µ—Å—Ç–∏ –Ω–µ–≤–æ–∑–º–æ–∂–Ω–æ,–¥–∞ –∏ –≤—Ö–æ–¥ –¥–æ–ª–≥–æ –Ω–µ –º–æ–≥–ª–∞ –Ω–∞–π—Ç–∏ —Å—Ä–µ–¥–∏ —ç—Ç–∏—Ö —Ç—Ä–∞–Ω—à–µ–π. –¢–∞–∫ –∏ –≤ —Å–∞–º–æ–º –º–∞–≥–∞–∑–∏–Ω–µ —Ç–∞–∫–æ–π –∂–µ –±–∞—Ä–¥–∞–∫. –ù–µ –Ω–∞–π—Ç–∏</span><span>&hellip;",1,–ü–µ—Ä–µ–¥ —Ç–µ–º –∫–∞–∫ –ø—Ä–∏—Ö–æ–¥–∏—Ç—å —Å —Ä–µ–±–µ–Ω–∫–æ–º —Ä–µ—à–∏–ª–∞ —Å–Ω–∞—á–∞–ª–∞ —Å–∞–º–∞ –≤—Å—ë –ø–æ—Å–º–æ—Ç—Ä–µ—Ç—å  –£–∂–∞—Å  –ú–∞–ª–æ —Ç–æ–≥–æ —á—Ç–æ –≤—Å–µ –ø–æ–¥—Ö–æ–¥—ã –∫ –º–∞–≥–∞–∑–∏–Ω—É –ø–µ—Ä–µ–∫–æ–ø–∞–Ω—ã —Å –∫–æ–ª—è—Å–∫–æ–π –∏ –±–µ–∑ –Ω–µ–µ —Ä–µ–±–µ–Ω–∫–∞ –ø—Ä–∏–≤–µ—Å—Ç–∏ –Ω–µ–≤–æ–∑–º–æ–∂–Ω–æ–¥–∞ –∏ –≤—Ö–æ–¥ –¥–æ–ª–≥–æ –Ω–µ –º–æ–≥–ª–∞ –Ω–∞–π—Ç–∏ —Å—Ä–µ–¥–∏ —ç—Ç–∏—Ö —Ç—Ä–∞–Ω—à–µ–π  –¢–∞–∫ –∏ –≤ —Å–∞–º–æ–º –º–∞–≥–∞–∑–∏–Ω–µ —Ç–∞–∫–æ–π –∂–µ –±–∞—Ä–¥–∞–∫ ,–ø–µ—Ä–µ–¥ —Ç–æ –∫–∞–∫ –ø—Ä–∏—Ö–æ–¥–∏—Ç—å —Å —Ä–µ–±–µ–Ω–æ–∫ —Ä–µ—à–∞—Ç—å —Å–Ω–∞—á–∞–ª–∞ —Å–∞–º –≤—Å–µ –ø–æ—Å–º–æ—Ç—Ä–µ—Ç—å —É–∂–∞—Å –º–∞–ª–æ —Ç–æ —á—Ç–æ –≤–µ—Å—å –ø–æ–¥—Ö–æ–¥ –∫ –º–∞–≥–∞–∑–∏–Ω –ø–µ—Ä–µ–∫–æ–ø–∞—Ç—å —Å –∫–æ–ª—è—Å–∫–∞ –∏ –±–µ–∑ –æ–Ω–∞ —Ä–µ–±–µ–Ω–æ–∫ –ø—Ä–∏–≤–æ–¥–∏—Ç—å –Ω–µ–≤–æ–∑–º–æ–∂–Ω–æ–¥ –∏ –≤—Ö–æ–¥ –¥–æ–ª–≥–æ –Ω–µ –º–æ—á—å –Ω–∞—Ö–æ–¥–∏—Ç—å —Å—Ä–µ–¥–∏ —ç—Ç–æ—Ç —Ç—Ä–∞–Ω—à–µ—è —Ç–∞–∫ –∏ –≤ —Å–∞–º –º–∞–≥–∞–∑–∏–Ω —Ç–∞–∫–æ–π –∂–µ –±–∞—Ä–¥–∞–∫
68,"–ü–æ–≤–µ–∑–ª–æ –ø—Ä–æ—Ä–∞–±–æ—Ç–∞—Ç—å –æ–∫–æ–ª–æ –≥–æ–¥–∞ –≤ –î–ú –¥–æ —Ä–µ–∫–æ–Ω—Å—Ç—Ä—É–∫—Ü–∏–∏ –≤ 2001-2002 –≥–æ–¥–∞—Ö, —ç—Ç–æ –±—ã–ª–∏ –Ω–µ–∑–∞–±—ã–≤–∞–µ–º—ã–µ –≤—Ä–µ–º–µ–Ω–∞, —Å –∫–æ—Ç–æ—Ä—ã–º–∏ —Å–≤—è–∑–∞–Ω–æ –º–Ω–æ–∂–µ—Å—Ç–≤–æ –ø—Ä–∏—è—Ç–Ω—ã—Ö –≤–æ—Å–ø–æ–º–∏–Ω–∞–Ω–∏–π. –° —Å–æ–¥—Ä–æ–≥–∞–Ω–∏–µ–º –≤—Å–ø–æ–º–∏–Ω–∞—é –æ –ø–µ—Ä–≤–æ–º –æ—â—É—â–µ–Ω–∏–∏ –æ—Ç &quot;–æ–±–Ω–æ–≤–ª–µ–Ω–Ω–æ–≥–æ&quot; –î–ú. –°–¥–µ–ª–∞–ª–∏ –æ—á–µ—Ä–µ–¥–Ω–æ–π –¢–¶ - –Ω–µ –ª—É—á—à–µ–≥–æ –ø–æ—à–∏–±–∞ - —Å –∫—É—á–µ–π —Ç–æ—Ä–≥–æ–≤—ã—Ö</span><span>&hellip;",1,–ü–æ–≤–µ–∑–ª–æ –ø—Ä–æ—Ä–∞–±–æ—Ç–∞—Ç—å –æ–∫–æ–ª–æ –≥–æ–¥–∞ –≤ –î–ú –¥–æ —Ä–µ–∫–æ–Ω—Å—Ç—Ä—É–∫—Ü–∏–∏ –≤ 2001-2002 –≥–æ–¥–∞—Ö —ç—Ç–æ –±—ã–ª–∏ –Ω–µ–∑–∞–±—ã–≤–∞–µ–º—ã–µ –≤—Ä–µ–º–µ–Ω–∞ —Å –∫–æ—Ç–æ—Ä—ã–º–∏ —Å–≤—è–∑–∞–Ω–æ –º–Ω–æ–∂–µ—Å—Ç–≤–æ –ø—Ä–∏—è—Ç–Ω—ã—Ö –≤–æ—Å–ø–æ–º–∏–Ω–∞–Ω–∏–π  –° —Å–æ–¥—Ä–æ–≥–∞–Ω–∏–µ–º –≤—Å–ø–æ–º–∏–Ω–∞—é –æ –ø–µ—Ä–≤–æ–º –æ—â—É—â–µ–Ω–∏–∏ –æ—Ç  –æ–±–Ω–æ–≤–ª–µ–Ω–Ω–æ–≥–æ  –î–ú ,–≤–µ–∑—Ç–∏ –ø—Ä–æ—Ä–∞–±–∞—Ç—ã–≤–∞—Ç—å –æ–∫–æ–ª–æ –≥–æ–¥ –≤ –¥–º –¥–æ —Ä–µ–∫–æ–Ω—Å—Ç—Ä—É–∫—Ü–∏—è –≤ 2001 - 2002 –≥–æ–¥ —ç—Ç–æ –±—ã—Ç—å –Ω–µ–∑–∞–±—ã–≤–∞–µ–º—ã–π –≤—Ä–µ–º—è —Å –∫–æ—Ç–æ—Ä—ã–π —Å–≤—è–∑–∞–Ω–Ω—ã–π –º–Ω–æ–∂–µ—Å—Ç–≤–æ –ø—Ä–∏—è—Ç–Ω—ã–π –≤–æ—Å–ø–æ–º–∏–Ω–∞–Ω–∏–µ —Å —Å–æ–¥—Ä–æ–≥–∞–Ω–∏–µ –≤—Å–ø–æ–º–∏–Ω–∞—Ç—å –æ –ø–µ—Ä–≤—ã–π –æ—â—É—â–µ–Ω–∏–µ –æ—Ç –æ–±–Ω–æ–≤–ª—è—Ç—å –¥–º
69,"–ü–∞—Ä–∫–æ–≤–∫–∏ –Ω–µ—Ç. –ü–æ–¥–∑–µ–º–Ω–∞—è –Ω–µ —Ä–∞–±–æ—Ç–∞–µ—Ç, –∞ —É–ª–∏—á–Ω—ã–µ —Ñ—É–Ω–∫—Ü–∏–æ–Ω–∏—Ä—É—é—Ç –≤ –ª—É—á—à–∏—Ö —Ç—Ä–∞–¥–∏—Ü–∏—è—Ö —Å–æ–≤—Ä–µ–º–µ–Ω–Ω–æ–π –ú–æ—Å–∫–≤—ã (—Ç–∞–º –≥–¥–µ —Ä–∞–Ω—å—à–µ –º–æ–∂–Ω–æ –±—ã–ª–æ —Å—Ç–æ—è—Ç—å –ø–æ–¥ —É–≥–ª–æ–º –∫ —Ç—Ä–æ—Ç—É–∞—Ä—É —Å –∫–∞–∂–¥–æ–π —Å—Ç–æ—Ä–æ–Ω—ã –ø—Ä.—á–∞—Å—Ç–∏ - –ø–æ–ª—É—á–∞–ª–æ—Å—å –ø–ª–æ—Ç–Ω–µ–Ω—å–∫–æ –∏ –≤–º–µ—Å—Ç–∏—Ç–µ–ª—å–Ω–æ - —Ç–µ–ø–µ—Ä—å –≤–æ–æ–±—â–µ –Ω–µ–ª—å–∑—è —Å—Ç–æ—è—Ç—å - –∑–∞–ø—Ä–µ—â–µ–Ω–æ). –ü—Ä–∏—à–ª–æ—Å—å —Å–¥–µ–ª–∞—Ç—å</span><span>&hellip;",1,–ü–∞—Ä–∫–æ–≤–∫–∏ –Ω–µ—Ç  –ü–æ–¥–∑–µ–º–Ω–∞—è –Ω–µ —Ä–∞–±–æ—Ç–∞–µ—Ç –∞ —É–ª–∏—á–Ω—ã–µ —Ñ—É–Ω–∫—Ü–∏–æ–Ω–∏—Ä—É—é—Ç –≤ –ª—É—á—à–∏—Ö —Ç—Ä–∞–¥–∏—Ü–∏—è—Ö —Å–æ–≤—Ä–µ–º–µ–Ω–Ω–æ–π –ú–æ—Å–∫–≤—ã —Ç–∞–º –≥–¥–µ —Ä–∞–Ω—å—à–µ –º–æ–∂–Ω–æ –±—ã–ª–æ —Å—Ç–æ—è—Ç—å –ø–æ–¥ —É–≥–ª–æ–º –∫ —Ç—Ä–æ—Ç—É–∞—Ä—É —Å –∫–∞–∂–¥–æ–π —Å—Ç–æ—Ä–æ–Ω—ã –ø—Ä  —á–∞—Å—Ç–∏ - –ø–æ–ª—É—á–∞–ª–æ—Å—å –ø–ª–æ—Ç–Ω–µ–Ω—å–∫–æ –∏ –≤–º–µ—Å—Ç–∏—Ç–µ–ª—å–Ω–æ - —Ç–µ–ø–µ—Ä—å –≤–æ–æ–±—â–µ –Ω–µ–ª—å–∑—è —Å—Ç–æ—è—Ç—å - –∑–∞–ø—Ä–µ—â–µ–Ω–æ ,–ø–∞—Ä–∫–æ–≤–∫–∞ –Ω–µ—Ç –ø–æ–¥–∑–µ–º–Ω—ã–π –Ω–µ —Ä–∞–±–æ—Ç–∞—Ç—å –∞ —É–ª–∏—á–Ω—ã–π —Ñ—É–Ω–∫—Ü–∏–æ–Ω–∏—Ä–æ–≤–∞—Ç—å –≤ —Ö–æ—Ä–æ—à–∏–π —Ç—Ä–∞–¥–∏—Ü–∏—è —Å–æ–≤—Ä–µ–º–µ–Ω–Ω—ã–π –º–æ—Å–∫–≤–∞ —Ç–∞–º –≥–¥–µ —Ä–∞–Ω–æ –º–æ–∂–Ω–æ –±—ã—Ç—å —Å—Ç–æ—è—Ç—å –ø–æ–¥ —É–≥–æ–ª –∫ —Ç—Ä–æ—Ç—É–∞—Ä —Å –∫–∞–∂–¥—ã–π —Å—Ç–æ—Ä–æ–Ω–∞ –ø—Ä —á–∞—Å—Ç—å - –ø–æ–ª—É—á–∞—Ç—å—Å—è –ø–ª–æ—Ç–Ω–µ–Ω—å–∫–∏–π –∏ –≤–º–µ—Å—Ç–∏—Ç–µ–ª—å–Ω—ã–π - —Ç–µ–ø–µ—Ä—å –≤–æ–æ–±—â–µ –Ω–µ–ª—å–∑—è —Å—Ç–æ—è—Ç—å - –∑–∞–ø—Ä–µ—â–∞—Ç—å
70,"–ú—ã –±—ã–ª–∏ –≤ —Å—É–±–±–æ—Ç—É. –ù–∞–º –Ω–µ –ø–æ–Ω—Ä–∞–≤–∏–ª–æ—Å—å! –ù–∞—á–Ω—É —Å —Ç–æ–≥–æ, —á—Ç–æ –ø—Ä–æ—Å—Ç–æ—è–ª–∏ –≤ –ø—Ä–æ–±–∫–µ –Ω–∞ –õ—É–±—è–Ω–∫–µ –æ–∫–æ–ª–æ 30 –º–∏–Ω...–ü–æ—Ç–æ–º –∏—Å–∫–∞–ª–∏ –ø–∞—Ä–∫–æ–≤–∫—É –µ—â–µ –º–∏–Ω—É—Ç 15, –∑–∞—Ç–µ–º —à–ª–∏ –ø–µ—à–∫–∞—Ä—É—Å–æ–º 5 –º–∏–Ω. –ö–æ—Ä–æ—á–µ —É–±–∏–ª–∏ –ø–æ—á—Ç–∏ —á–∞—Å. –ü—Ä–∏—à–ª–∏. –ù–∞—Ä–æ–¥—É......- –∂—É—Ç—å. –¢—É–∞–ª–µ—Ç–æ–≤ –º–∞–ª–æ, –≤–µ–∑–¥–µ –æ—á–µ—Ä–µ–¥–∏ –∏ —Ç—É–∞–ª–µ—Ç —Ä–∞—Å—Å—á–∏—Ç–∞–Ω –Ω–∞ 3—Ö</span><span>&hellip;",1,–ú—ã –±—ã–ª–∏ –≤ —Å—É–±–±–æ—Ç—É  –ù–∞–º –Ω–µ –ø–æ–Ω—Ä–∞–≤–∏–ª–æ—Å—å  –ù–∞—á–Ω—É —Å —Ç–æ–≥–æ —á—Ç–æ –ø—Ä–æ—Å—Ç–æ—è–ª–∏ –≤ –ø—Ä–æ–±–∫–µ –Ω–∞ –õ—É–±—è–Ω–∫–µ –æ–∫–æ–ª–æ 30 –º–∏–Ω      –ü–æ—Ç–æ–º –∏—Å–∫–∞–ª–∏ –ø–∞—Ä–∫–æ–≤–∫—É –µ—â–µ –º–∏–Ω—É—Ç 15 –∑–∞—Ç–µ–º —à–ª–∏ –ø–µ—à–∫–∞—Ä—É—Å–æ–º 5 –º–∏–Ω  –ö–æ—Ä–æ—á–µ —É–±–∏–ª–∏ –ø–æ—á—Ç–∏ —á–∞—Å  –ü—Ä–∏—à–ª–∏  –ù–∞—Ä–æ–¥—É            - –∂—É—Ç—å ,–º—ã –±—ã—Ç—å –≤ —Å—É–±–±–æ—Ç–∞ –º—ã –Ω–µ –ø–æ–Ω—Ä–∞–≤–∏—Ç—å—Å—è –Ω–∞—á–∏–Ω–∞—Ç—å —Å —Ç–æ —á—Ç–æ –ø—Ä–æ—Å—Ç–∞–∏–≤–∞—Ç—å –≤ –ø—Ä–æ–±–∫–∞ –Ω–∞ –ª—É–±—è–Ω–∫–∞ –æ–∫–æ–ª–æ 30 –º–∏–Ω–∞ –ø–æ—Ç–æ–º –∏—Å–∫–∞—Ç—å –ø–∞—Ä–∫–æ–≤–∫–∞ –µ—â–µ –º–∏–Ω—É—Ç–∞ 15 –∑–∞—Ç–µ–º –∏–¥—Ç–∏ –ø–µ—à–∫–∞—Ä—É—Å 5 –º–∏–Ω–∞ –∫–æ—Ä–æ—Ç–∫–∏–π —É–±–∏–≤–∞—Ç—å –ø–æ—á—Ç–∏ —á–∞—Å –ø—Ä–∏—Ö–æ–¥–∏—Ç—å –Ω–∞—Ä–æ–¥ - –∂—É—Ç—å
71,"–í–ø–µ—á–∞—Ç–ª–µ–Ω–∏–µ —É–∂–∞—Å–Ω–æ–µ! –ù–∞—á–∏–Ω–∞—è —Å–æ –≤—Ö–æ–¥–∞, –ø–æ–Ω–∏–º–∞–µ—à—å, —á—Ç–æ —ç—Ç–æ –æ—á–µ—Ä–µ–¥–Ω–æ–π –ø—Ä–æ–µ–∫—Ç –ø–æ –æ—Ç–º—ã–≤–∞–Ω–∏—é –¥–µ–Ω–µ–≥. –ö–∞—á–µ—Å—Ç–≤–æ –æ—Ç–¥–µ–ª–∫–∏ –∂—É—Ç–∫–æ–µ,–∞—Å—Ñ–∞–ª—å—Ç –∫—É—Å–∫–∞–º–∏ –Ω–∞–ø–ª—ã–≤–∞–µ—Ç –Ω–∞ –≥—Ä–∞–Ω–∏—Ç–Ω—É—é –æ–±–ª–∏—Ü–æ–≤–∫—É, –∑–∞–π—Ç–∏ —Å –∫–æ–ª—è—Å–∫–æ–π –º–æ–∂–Ω–æ —Ç–æ–ª—å–∫–æ –Ω–∞ –≥–æ—Ä–±—É—à–∫–µ - –Ω–∏ –æ–¥–Ω–æ–≥–æ –ø–∞–Ω–¥—É—Å–∞ —É –≤—Ö–æ–¥–∞, –ù–ò –û–î–ù–û–ì–û! –õ–∏—Ñ—Ç—ã —Ä–∞–±–æ—Ç–∞—é—Ç –Ω–∞ 1,2</span><span>&hellip;",1,–í–ø–µ—á–∞—Ç–ª–µ–Ω–∏–µ —É–∂–∞—Å–Ω–æ–µ  –ù–∞—á–∏–Ω–∞—è —Å–æ –≤—Ö–æ–¥–∞ –ø–æ–Ω–∏–º–∞–µ—à—å —á—Ç–æ —ç—Ç–æ –æ—á–µ—Ä–µ–¥–Ω–æ–π –ø—Ä–æ–µ–∫—Ç –ø–æ –æ—Ç–º—ã–≤–∞–Ω–∏—é –¥–µ–Ω–µ–≥  –ö–∞—á–µ—Å—Ç–≤–æ –æ—Ç–¥–µ–ª–∫–∏ –∂—É—Ç–∫–æ–µ–∞—Å—Ñ–∞–ª—å—Ç –∫—É—Å–∫–∞–º–∏ –Ω–∞–ø–ª—ã–≤–∞–µ—Ç –Ω–∞ –≥—Ä–∞–Ω–∏—Ç–Ω—É—é –æ–±–ª–∏—Ü–æ–≤–∫—É –∑–∞–π—Ç–∏ —Å –∫–æ–ª—è—Å–∫–æ–π –º–æ–∂–Ω–æ —Ç–æ–ª—å–∫–æ –Ω–∞ –≥–æ—Ä–±—É—à–∫–µ - –Ω–∏ –æ–¥–Ω–æ–≥–æ –ø–∞–Ω–¥—É—Å–∞ —É –≤—Ö–æ–¥–∞ –ù–ò –û–î–ù–û–ì–û ,–≤–ø–µ—á–∞—Ç–ª–µ–Ω–∏–µ —É–∂–∞—Å–Ω—ã–π –Ω–∞—á–∏–Ω–∞—Ç—å —Å–æ –≤—Ö–æ–¥ –ø–æ–Ω–∏–º–∞—Ç—å —á—Ç–æ —ç—Ç–æ –æ—á–µ—Ä–µ–¥–Ω–æ–π –ø—Ä–æ–µ–∫—Ç –ø–æ –æ—Ç–º—ã–≤–∞–Ω–∏–µ –¥–µ–Ω—å–≥–∏ –∫–∞—á–µ—Å—Ç–≤–æ –æ—Ç–¥–µ–ª–∫–∞ –∂—É—Ç–∫–æ–µ–∞—Å—Ñ–∞–ª—å—Ç –∫—É—Å–æ–∫ –Ω–∞–ø–ª—ã–≤–∞—Ç—å –Ω–∞ –≥—Ä–∞–Ω–∏—Ç–Ω—ã–π –æ–±–ª–∏—Ü–æ–≤–∫–∞ –∑–∞–π—Ç–∏ —Å –∫–æ–ª—è—Å–∫–∞ –º–æ–∂–Ω–æ —Ç–æ–ª—å–∫–æ –Ω–∞ –≥–æ—Ä–±—É—à–∫–∞ - –Ω–∏ –æ–¥–∏–Ω –ø–∞–Ω–¥—É—Å —É –≤—Ö–æ–¥ –Ω–∏ –æ–¥–∏–Ω
